First Name,Last Name
David,Paul
asdfasdf,asdfadsf
asd,asd
fgdfg,ggfg
demo,demo
demo,demo
demo,demo
Ali,nath
Vijay,Patil
asd,asdasd
mmmm,mmmm
Miguel,Cordova
fasdf,sdf
gh,fg
Bharath,T S
MD,Syed
sdfvedf,sdfsf
hardik,somkuwar
rdfcx,dscvx 
bf,dgsn
test,test
asdf,asdf
Kaleem,Anwar
zzzzzz,zzzzz
asdasd,asdasd
test,testse
ASDDAS,ASDFASDASF
rre,ert
rre,ert
renu,rajput
aaaa,aaaaaaaaaaa
rre,rajput
aa,a
Ricky,Martin
gfg,hfdh
dfsa,df
Manish,R
ABC,CDE
fsd,sd
xx,xx
bvb,ert
renny,kp
jhjj,gfgf
Mamadou,Ba
fasdf,sk
wando,santos
aaatt,aaa
qwe,qwe
vxc,vxc
Hallo,Wen
5435345,534534
fsaffas,fsf
gsafdfdf,fsadfs
asdasdas,asdasd
Praadeep,Chinthala
sai,gagan
surendra,p
test,kumar
rdhdfh,fddfgddf
jkhk,fghfgh
asd,asd
asdasd,asdsadasd
sadf,dsgsdfg
adsf,ad
adsf,ad
adsf,ad
adsf,ad
ada,awef
bcvbv,vcnbmxcvnb
adarshdfg,efdg
w,t
bernarsd,wed
aaa,aaa
we,we
Emmanuel,Delbeau
Deepak,Sharma
f,w
jeremy,shan
sdffg,asf
sdffg,asf
AAA,BBB
Shaik,H
q,w
1,e
asdasd,adsad
Danial ,Jhony
jhjh,ghjghg
priyanka,sharma
peter,oha
adarsh,e
Felix,Lopez
Margett,G
Barcha,Charba
asda,asd
teste2,teste
ahmad,Farkleet
Masood,Arsalan
timki,kdd
Adedotun,Ola
ພອນສະຫວັນ,ວົງສະຫັວດ
M,S
jnjkn,jknnnk
jeremyfds,fasfas
bajbdb,vajd
jeremyfds,eqea
fdsa,gfds
