"First Name","Last Name","Address Line 1"
John,Paul,"Address line 1"
asdasd,asddf,
Jana,Gorgieva,
aa,aaa,
Jordan,Chase,
w,w,
sdsad,dasdsad,
Naeem,Noor,
Raj,aaaaa,
test,test,
renu,rajput,qq
hhhh,uuuuu,
Test,LName,
jhg,gkjjkhg,
varun,Malli,
vhhcdj,bbhj,hh
demo,demo,
Test1,1,1234
steve,keshi,
ANGEL,NG,FDFDSFDF
test,test,
vcvcvcvc,vcvcvc,
rrawrrawrrwar,fsafassaf,
Eddddddy,wers,
sdd,fgs,
Wazx,wazx,
pardhu,chandhu,
zxcvzxx,zxczxc,
as,s,
2345,demo1,
xdf,fgdx,
Murtaza,"Asgher Ali",
asdfsadf,asd,
vivek,madlani,
san,jeev,
aaravind,rapuru,dgdfg
Demo,Demo,
Raghunandan,Prakash,"C0808 Nitesh Forest Hills"
Sachin,Tendulkar,
Sunil,Patel,
asd,asd,
a,a,Phnomp
v,vas,
a,a,
vsdfsdfsdf,ddsdfsdfsd,
rtl,arman,
Milan,Kothari,
Mayank,Srivastava,Gyanpur
rerfe,ererer,
zcxcxc,cvxvcxcx,
Guru,Govind,jjj
Juan,"Torres Quinteros",
Mohammed,abdul,adderss1
"Muhammad Haris",Khan,
Chandra,Jain,
asdfasfdds,asdfsdfa,
fgg,gg,
tarun,b,
qwe,qwe,
testfirst,testlast,
test,test,
bob,bob,
a,a,
Rakesh,swain,
"Tuhin ",Tuhin,
rakib,roni,
Skender,Memed,
John,Doe,
cxxvxc,xcv,fdgd
Luis,Cortes,
Elvis,King,"57575 Here"
sdfsf,sfds,wreew
sdggsg,sdgsdg,
k,k,
"Test ",Test,A
cscsz,sxczczc,
Harris,Javed,Ameerpet
k,s,
skadfh,kajsdfhks,
tarek,nnnnn,"Address Line 1"
adf,adfa,
skadfh,kajsdfhks,
sdfsdf,sdfsdfsdf,
a,b,
Tommy,Gregersen,
James,Smith,
rrrrrrrrrrrrrrrrr,rrr,
gg,hh,
ertgert,retret,
